number,age,adviser,fum_s,dur_s,age_0,adviser_0,rate,value
1,20,Adviser One,194000.0,5,20,Adviser One,0.23717736,3.0043093086715293
2,20,Adviser One,194000.0,5,20,Adviser One,0.23717736,3.0043093086715293
3,20,Adviser One,194000.0,5,20,Adviser One,0.23717736,3.0043093086715293
4,20,Adviser One,194000.0,5,20,Adviser One,0.23717736,3.0043093086715293
5,20,Adviser One,194000.0,5,20,Adviser One,0.23717736,3.0043093086715293
6,20,Adviser One,194000.0,5,20,Adviser One,0.23717736,3.0043093086715293
7,20,Adviser One,194000.0,5,20,Adviser One,0.23717736,3.0043093086715293
8,20,Adviser One,194000.0,5,20,Adviser One,0.23717736,3.0043093086715293
9,20,Adviser One,194000.0,5,20,Adviser One,0.23717736,3.0043093086715293
10,20,Adviser One,194000.0,5,20,Adviser One,0.23717736,3.0043093086715293
11,20,Adviser Two,194000.0,5,20,Adviser Two,0.21020538,3.1602601629888025
12,20,Adviser Two,194000.0,5,20,Adviser Two,0.21020538,3.1602601629888025
13,20,Adviser Two,194000.0,5,20,Adviser Two,0.21020538,3.1602601629888025
14,20,Adviser Two,194000.0,5,20,Adviser Two,0.21020538,3.1602601629888025
15,20,Adviser Two,194000.0,5,20,Adviser Two,0.21020538,3.1602601629888025
16,20,Adviser Two,194000.0,5,20,Adviser Two,0.21020538,3.1602601629888025
17,20,Adviser Two,194000.0,5,20,Adviser Two,0.21020538,3.1602601629888025
18,20,Adviser Two,194000.0,5,20,Adviser Two,0.21020538,3.1602601629888025
19,20,Adviser Two,194000.0,5,20,Adviser Two,0.21020538,3.1602601629888025
20,20,Adviser Two,194000.0,5,20,Adviser Two,0.21020538,3.1602601629888025
21,20,Adviser Three,194000.0,5,20,Adviser Three,0.21748425,3.1172637567240127
22,20,Adviser Three,194000.0,5,20,Adviser Three,0.21748425,3.1172637567240127
23,20,Adviser Three,194000.0,5,20,Adviser Three,0.21748425,3.1172637567240127
24,20,Adviser Three,194000.0,5,20,Adviser Three,0.21748425,3.1172637567240127
25,20,Adviser Three,194000.0,5,20,Adviser Three,0.21748425,3.1172637567240127
26,20,Adviser Three,194000.0,5,20,Adviser Three,0.21748425,3.1172637567240127
27,20,Adviser Three,194000.0,5,20,Adviser Three,0.21748425,3.1172637567240127
28,20,Adviser Three,194000.0,5,20,Adviser Three,0.21748425,3.1172637567240127
29,20,Adviser Three,194000.0,5,20,Adviser Three,0.21748425,3.1172637567240127
30,20,Adviser Three,194000.0,5,20,Adviser Three,0.21748425,3.1172637567240127
31,21,Adviser One,203700.0,5,20,Adviser One,0.23717736,3.0043093086715293
32,21,Adviser One,203700.0,5,20,Adviser One,0.23717736,3.0043093086715293
33,21,Adviser One,203700.0,5,20,Adviser One,0.23717736,3.0043093086715293
34,21,Adviser One,203700.0,5,20,Adviser One,0.23717736,3.0043093086715293
35,21,Adviser One,203700.0,5,20,Adviser One,0.23717736,3.0043093086715293
36,21,Adviser One,203700.0,5,20,Adviser One,0.23717736,3.0043093086715293
37,21,Adviser One,203700.0,5,20,Adviser One,0.23717736,3.0043093086715293
38,21,Adviser One,203700.0,5,20,Adviser One,0.23717736,3.0043093086715293
39,21,Adviser One,203700.0,5,20,Adviser One,0.23717736,3.0043093086715293
40,21,Adviser One,203700.0,5,20,Adviser One,0.23717736,3.0043093086715293
41,21,Adviser Two,203700.0,5,20,Adviser Two,0.21020538,3.1602601629888025
42,21,Adviser Two,203700.0,5,20,Adviser Two,0.21020538,3.1602601629888025
43,21,Adviser Two,203700.0,5,20,Adviser Two,0.21020538,3.1602601629888025
44,21,Adviser Two,203700.0,5,20,Adviser Two,0.21020538,3.1602601629888025
45,21,Adviser Two,203700.0,5,20,Adviser Two,0.21020538,3.1602601629888025
46,21,Adviser Two,203700.0,5,20,Adviser Two,0.21020538,3.1602601629888025
47,21,Adviser Two,203700.0,5,20,Adviser Two,0.21020538,3.1602601629888025
48,21,Adviser Two,203700.0,5,20,Adviser Two,0.21020538,3.1602601629888025
49,21,Adviser Two,203700.0,5,20,Adviser Two,0.21020538,3.1602601629888025
50,21,Adviser Two,203700.0,5,20,Adviser Two,0.21020538,3.1602601629888025
51,21,Adviser Three,203700.0,5,20,Adviser Three,0.21748425,3.1172637567240127
52,21,Adviser Three,203700.0,5,20,Adviser Three,0.21748425,3.1172637567240127
53,21,Adviser Three,203700.0,5,20,Adviser Three,0.21748425,3.1172637567240127
54,21,Adviser Three,203700.0,5,20,Adviser Three,0.21748425,3.1172637567240127
55,21,Adviser Three,203700.0,5,20,Adviser Three,0.21748425,3.1172637567240127
56,21,Adviser Three,203700.0,5,20,Adviser Three,0.21748425,3.1172637567240127
57,21,Adviser Three,203700.0,5,20,Adviser Three,0.21748425,3.1172637567240127
58,21,Adviser Three,203700.0,5,20,Adviser Three,0.21748425,3.1172637567240127
59,21,Adviser Three,203700.0,5,20,Adviser Three,0.21748425,3.1172637567240127
60,21,Adviser Three,203700.0,5,20,Adviser Three,0.21748425,3.1172637567240127
61,22,Adviser One,213400.0,5,20,Adviser One,0.23717736,3.0043093086715293
62,22,Adviser One,213400.0,5,20,Adviser One,0.23717736,3.0043093086715293
63,22,Adviser One,213400.0,5,20,Adviser One,0.23717736,3.0043093086715293
64,22,Adviser One,213400.0,5,20,Adviser One,0.23717736,3.0043093086715293
65,22,Adviser One,213400.0,5,20,Adviser One,0.23717736,3.0043093086715293
66,22,Adviser One,213400.0,5,20,Adviser One,0.23717736,3.0043093086715293
67,22,Adviser One,213400.0,5,20,Adviser One,0.23717736,3.0043093086715293
68,22,Adviser One,213400.0,5,20,Adviser One,0.23717736,3.0043093086715293
69,22,Adviser One,213400.0,5,20,Adviser One,0.23717736,3.0043093086715293
70,22,Adviser One,213400.0,5,20,Adviser One,0.23717736,3.0043093086715293
71,22,Adviser Two,213400.0,5,20,Adviser Two,0.21020538,3.1602601629888025
72,22,Adviser Two,213400.0,5,20,Adviser Two,0.21020538,3.1602601629888025
73,22,Adviser Two,213400.0,5,20,Adviser Two,0.21020538,3.1602601629888025
74,22,Adviser Two,213400.0,5,20,Adviser Two,0.21020538,3.1602601629888025
75,22,Adviser Two,213400.0,5,20,Adviser Two,0.21020538,3.1602601629888025
76,22,Adviser Two,213400.0,5,20,Adviser Two,0.21020538,3.1602601629888025
77,22,Adviser Two,213400.0,5,20,Adviser Two,0.21020538,3.1602601629888025
78,22,Adviser Two,213400.0,5,20,Adviser Two,0.21020538,3.1602601629888025
79,22,Adviser Two,213400.0,5,20,Adviser Two,0.21020538,3.1602601629888025
80,22,Adviser Two,213400.0,5,20,Adviser Two,0.21020538,3.1602601629888025
81,22,Adviser Three,213400.0,5,20,Adviser Three,0.21748425,3.1172637567240127
82,22,Adviser Three,213400.0,5,20,Adviser Three,0.21748425,3.1172637567240127
83,22,Adviser Three,213400.0,5,20,Adviser Three,0.21748425,3.1172637567240127
84,22,Adviser Three,213400.0,5,20,Adviser Three,0.21748425,3.1172637567240127
85,22,Adviser Three,213400.0,5,20,Adviser Three,0.21748425,3.1172637567240127
86,22,Adviser Three,213400.0,5,20,Adviser Three,0.21748425,3.1172637567240127
87,22,Adviser Three,213400.0,5,20,Adviser Three,0.21748425,3.1172637567240127
88,22,Adviser Three,213400.0,5,20,Adviser Three,0.21748425,3.1172637567240127
89,22,Adviser Three,213400.0,5,20,Adviser Three,0.21748425,3.1172637567240127
90,22,Adviser Three,213400.0,5,20,Adviser Three,0.21748425,3.1172637567240127
91,23,Adviser One,223100.0,5,20,Adviser One,0.23717736,3.0043093086715293
92,23,Adviser One,223100.0,5,20,Adviser One,0.23717736,3.0043093086715293
93,23,Adviser One,223100.0,5,20,Adviser One,0.23717736,3.0043093086715293
94,23,Adviser One,223100.0,5,20,Adviser One,0.23717736,3.0043093086715293
95,23,Adviser One,223100.0,5,20,Adviser One,0.23717736,3.0043093086715293
96,23,Adviser One,223100.0,5,20,Adviser One,0.23717736,3.0043093086715293
97,23,Adviser One,223100.0,5,20,Adviser One,0.23717736,3.0043093086715293
98,23,Adviser One,223100.0,5,20,Adviser One,0.23717736,3.0043093086715293
99,23,Adviser One,223100.0,5,20,Adviser One,0.23717736,3.0043093086715293
101,23,Adviser Two,223100.0,5,20,Adviser Two,0.21020538,3.1602601629888025
102,23,Adviser Two,223100.0,5,20,Adviser Two,0.21020538,3.1602601629888025
103,23,Adviser Two,223100.0,5,20,Adviser Two,0.21020538,3.1602601629888025
104,23,Adviser Two,223100.0,5,20,Adviser Two,0.21020538,3.1602601629888025
105,23,Adviser Two,223100.0,5,20,Adviser Two,0.21020538,3.1602601629888025
106,23,Adviser Two,223100.0,5,20,Adviser Two,0.21020538,3.1602601629888025
107,23,Adviser Two,223100.0,5,20,Adviser Two,0.21020538,3.1602601629888025
108,23,Adviser Two,223100.0,5,20,Adviser Two,0.21020538,3.1602601629888025
109,23,Adviser Two,223100.0,5,20,Adviser Two,0.21020538,3.1602601629888025
111,23,Adviser Three,223100.0,5,20,Adviser Three,0.21748425,3.1172637567240127
112,23,Adviser Three,223100.0,5,20,Adviser Three,0.21748425,3.1172637567240127
113,23,Adviser Three,223100.0,5,20,Adviser Three,0.21748425,3.1172637567240127
114,23,Adviser Three,223100.0,5,20,Adviser Three,0.21748425,3.1172637567240127
115,23,Adviser Three,223100.0,5,20,Adviser Three,0.21748425,3.1172637567240127
116,23,Adviser Three,223100.0,5,20,Adviser Three,0.21748425,3.1172637567240127
117,23,Adviser Three,223100.0,5,20,Adviser Three,0.21748425,3.1172637567240127
118,23,Adviser Three,223100.0,5,20,Adviser Three,0.21748425,3.1172637567240127
119,23,Adviser Three,223100.0,5,20,Adviser Three,0.21748425,3.1172637567240127
121,24,Adviser One,232800.0,5,20,Adviser One,0.23717736,3.0043093086715293
122,24,Adviser One,232800.0,5,20,Adviser One,0.23717736,3.0043093086715293
123,24,Adviser One,232800.0,5,20,Adviser One,0.23717736,3.0043093086715293
124,24,Adviser One,232800.0,5,20,Adviser One,0.23717736,3.0043093086715293
125,24,Adviser One,232800.0,5,20,Adviser One,0.23717736,3.0043093086715293
126,24,Adviser One,232800.0,5,20,Adviser One,0.23717736,3.0043093086715293
127,24,Adviser One,232800.0,5,20,Adviser One,0.23717736,3.0043093086715293
128,24,Adviser One,232800.0,5,20,Adviser One,0.23717736,3.0043093086715293
129,24,Adviser One,232800.0,5,20,Adviser One,0.23717736,3.0043093086715293
130,24,Adviser One,232800.0,5,20,Adviser One,0.23717736,3.0043093086715293
131,24,Adviser Two,232800.0,5,20,Adviser Two,0.21020538,3.1602601629888025
132,24,Adviser Two,232800.0,5,20,Adviser Two,0.21020538,3.1602601629888025
133,24,Adviser Two,232800.0,5,20,Adviser Two,0.21020538,3.1602601629888025
134,24,Adviser Two,232800.0,5,20,Adviser Two,0.21020538,3.1602601629888025
135,24,Adviser Two,232800.0,5,20,Adviser Two,0.21020538,3.1602601629888025
136,24,Adviser Two,232800.0,5,20,Adviser Two,0.21020538,3.1602601629888025
137,24,Adviser Two,232800.0,5,20,Adviser Two,0.21020538,3.1602601629888025
138,24,Adviser Two,232800.0,5,20,Adviser Two,0.21020538,3.1602601629888025
139,24,Adviser Two,232800.0,5,20,Adviser Two,0.21020538,3.1602601629888025
140,24,Adviser Two,232800.0,5,20,Adviser Two,0.21020538,3.1602601629888025
141,24,Adviser Three,232800.0,5,20,Adviser Three,0.21748425,3.1172637567240127
142,24,Adviser Three,232800.0,5,20,Adviser Three,0.21748425,3.1172637567240127
143,24,Adviser Three,232800.0,5,20,Adviser Three,0.21748425,3.1172637567240127
144,24,Adviser Three,232800.0,5,20,Adviser Three,0.21748425,3.1172637567240127
145,24,Adviser Three,232800.0,5,20,Adviser Three,0.21748425,3.1172637567240127
146,24,Adviser Three,232800.0,5,20,Adviser Three,0.21748425,3.1172637567240127
147,24,Adviser Three,232800.0,5,20,Adviser Three,0.21748425,3.1172637567240127
149,24,Adviser Three,232800.0,5,20,Adviser Three,0.21748425,3.1172637567240127
150,24,Adviser Three,232800.0,5,20,Adviser Three,0.21748425,3.1172637567240127
151,25,Adviser One,242500.0,5,25,Adviser One,0.24426535,2.964836049723063
152,25,Adviser One,242500.0,5,25,Adviser One,0.24426535,2.964836049723063
153,25,Adviser One,242500.0,5,25,Adviser One,0.24426535,2.964836049723063
154,25,Adviser One,242500.0,5,25,Adviser One,0.24426535,2.964836049723063
155,25,Adviser One,242500.0,5,25,Adviser One,0.24426535,2.964836049723063
156,25,Adviser One,242500.0,5,25,Adviser One,0.24426535,2.964836049723063
157,25,Adviser One,242500.0,5,25,Adviser One,0.24426535,2.964836049723063
158,25,Adviser One,242500.0,5,25,Adviser One,0.24426535,2.964836049723063
159,25,Adviser One,242500.0,5,25,Adviser One,0.24426535,2.964836049723063
160,25,Adviser One,242500.0,5,25,Adviser One,0.24426535,2.964836049723063
161,25,Adviser Two,242500.0,5,25,Adviser Two,0.22078523,3.0979887234569845
162,25,Adviser Two,242500.0,5,25,Adviser Two,0.22078523,3.0979887234569845
163,25,Adviser Two,242500.0,5,25,Adviser Two,0.22078523,3.0979887234569845
164,25,Adviser Two,242500.0,5,25,Adviser Two,0.22078523,3.0979887234569845
165,25,Adviser Two,242500.0,5,25,Adviser Two,0.22078523,3.0979887234569845
166,25,Adviser Two,242500.0,5,25,Adviser Two,0.22078523,3.0979887234569845
167,25,Adviser Two,242500.0,5,25,Adviser Two,0.22078523,3.0979887234569845
168,25,Adviser Two,242500.0,5,25,Adviser Two,0.22078523,3.0979887234569845
169,25,Adviser Two,242500.0,5,25,Adviser Two,0.22078523,3.0979887234569845
170,25,Adviser Two,242500.0,5,25,Adviser Two,0.22078523,3.0979887234569845
171,25,Adviser Three,242500.0,5,25,Adviser Three,0.24020915,2.9873496421550447
172,25,Adviser Three,242500.0,5,25,Adviser Three,0.24020915,2.9873496421550447
173,25,Adviser Three,242500.0,5,25,Adviser Three,0.24020915,2.9873496421550447
174,25,Adviser Three,242500.0,5,25,Adviser Three,0.24020915,2.9873496421550447
175,25,Adviser Three,242500.0,5,25,Adviser Three,0.24020915,2.9873496421550447
176,25,Adviser Three,242500.0,5,25,Adviser Three,0.24020915,2.9873496421550447
178,25,Adviser Three,242500.0,5,25,Adviser Three,0.24020915,2.9873496421550447
179,25,Adviser Three,242500.0,5,25,Adviser Three,0.24020915,2.9873496421550447
180,25,Adviser Three,242500.0,5,25,Adviser Three,0.24020915,2.9873496421550447
181,26,Adviser One,252200.0,5,25,Adviser One,0.24426535,2.964836049723063
182,26,Adviser One,252200.0,5,25,Adviser One,0.24426535,2.964836049723063
183,26,Adviser One,252200.0,5,25,Adviser One,0.24426535,2.964836049723063
184,26,Adviser One,252200.0,5,25,Adviser One,0.24426535,2.964836049723063
185,26,Adviser One,252200.0,5,25,Adviser One,0.24426535,2.964836049723063
186,26,Adviser One,252200.0,5,25,Adviser One,0.24426535,2.964836049723063
187,26,Adviser One,252200.0,5,25,Adviser One,0.24426535,2.964836049723063
188,26,Adviser One,252200.0,5,25,Adviser One,0.24426535,2.964836049723063
189,26,Adviser One,252200.0,5,25,Adviser One,0.24426535,2.964836049723063
190,26,Adviser One,252200.0,5,25,Adviser One,0.24426535,2.964836049723063
191,26,Adviser Two,252200.0,5,25,Adviser Two,0.22078523,3.0979887234569845
192,26,Adviser Two,252200.0,5,25,Adviser Two,0.22078523,3.0979887234569845
193,26,Adviser Two,252200.0,5,25,Adviser Two,0.22078523,3.0979887234569845
194,26,Adviser Two,252200.0,5,25,Adviser Two,0.22078523,3.0979887234569845
195,26,Adviser Two,252200.0,5,25,Adviser Two,0.22078523,3.0979887234569845
196,26,Adviser Two,252200.0,5,25,Adviser Two,0.22078523,3.0979887234569845
197,26,Adviser Two,252200.0,5,25,Adviser Two,0.22078523,3.0979887234569845
198,26,Adviser Two,252200.0,5,25,Adviser Two,0.22078523,3.0979887234569845
199,26,Adviser Two,252200.0,5,25,Adviser Two,0.22078523,3.0979887234569845
200,26,Adviser Two,252200.0,5,25,Adviser Two,0.22078523,3.0979887234569845
201,26,Adviser Three,252200.0,5,25,Adviser Three,0.24020915,2.9873496421550447
202,26,Adviser Three,252200.0,5,25,Adviser Three,0.24020915,2.9873496421550447
203,26,Adviser Three,252200.0,5,25,Adviser Three,0.24020915,2.9873496421550447
204,26,Adviser Three,252200.0,5,25,Adviser Three,0.24020915,2.9873496421550447
205,26,Adviser Three,252200.0,5,25,Adviser Three,0.24020915,2.9873496421550447
206,26,Adviser Three,252200.0,5,25,Adviser Three,0.24020915,2.9873496421550447
207,26,Adviser Three,252200.0,5,25,Adviser Three,0.24020915,2.9873496421550447
208,26,Adviser Three,252200.0,5,25,Adviser Three,0.24020915,2.9873496421550447
209,26,Adviser Three,252200.0,5,25,Adviser Three,0.24020915,2.9873496421550447
210,26,Adviser Three,252200.0,5,25,Adviser Three,0.24020915,2.9873496421550447
211,27,Adviser One,261900.0,5,25,Adviser One,0.24426535,2.964836049723063
212,27,Adviser One,261900.0,5,25,Adviser One,0.24426535,2.964836049723063
213,27,Adviser One,261900.0,5,25,Adviser One,0.24426535,2.964836049723063
214,27,Adviser One,261900.0,5,25,Adviser One,0.24426535,2.964836049723063
215,27,Adviser One,261900.0,5,25,Adviser One,0.24426535,2.964836049723063
216,27,Adviser One,261900.0,5,25,Adviser One,0.24426535,2.964836049723063
217,27,Adviser One,261900.0,5,25,Adviser One,0.24426535,2.964836049723063
218,27,Adviser One,261900.0,5,25,Adviser One,0.24426535,2.964836049723063
219,27,Adviser One,261900.0,5,25,Adviser One,0.24426535,2.964836049723063
220,27,Adviser One,261900.0,5,25,Adviser One,0.24426535,2.964836049723063
221,27,Adviser Two,261900.0,5,25,Adviser Two,0.22078523,3.0979887234569845
222,27,Adviser Two,261900.0,5,25,Adviser Two,0.22078523,3.0979887234569845
223,27,Adviser Two,261900.0,5,25,Adviser Two,0.22078523,3.0979887234569845
224,27,Adviser Two,261900.0,5,25,Adviser Two,0.22078523,3.0979887234569845
225,27,Adviser Two,261900.0,5,25,Adviser Two,0.22078523,3.0979887234569845
226,27,Adviser Two,261900.0,5,25,Adviser Two,0.22078523,3.0979887234569845
227,27,Adviser Two,261900.0,5,25,Adviser Two,0.22078523,3.0979887234569845
228,27,Adviser Two,261900.0,5,25,Adviser Two,0.22078523,3.0979887234569845
229,27,Adviser Two,261900.0,5,25,Adviser Two,0.22078523,3.0979887234569845
230,27,Adviser Two,261900.0,5,25,Adviser Two,0.22078523,3.0979887234569845
231,27,Adviser Three,261900.0,5,25,Adviser Three,0.24020915,2.9873496421550447
232,27,Adviser Three,261900.0,5,25,Adviser Three,0.24020915,2.9873496421550447
233,27,Adviser Three,261900.0,5,25,Adviser Three,0.24020915,2.9873496421550447
234,27,Adviser Three,261900.0,5,25,Adviser Three,0.24020915,2.9873496421550447
235,27,Adviser Three,261900.0,5,25,Adviser Three,0.24020915,2.9873496421550447
236,27,Adviser Three,261900.0,5,25,Adviser Three,0.24020915,2.9873496421550447
237,27,Adviser Three,261900.0,5,25,Adviser Three,0.24020915,2.9873496421550447
238,27,Adviser Three,261900.0,5,25,Adviser Three,0.24020915,2.9873496421550447
239,27,Adviser Three,261900.0,5,25,Adviser Three,0.24020915,2.9873496421550447
240,27,Adviser Three,261900.0,5,25,Adviser Three,0.24020915,2.9873496421550447
241,28,Adviser One,271600.0,5,25,Adviser One,0.24426535,2.964836049723063
242,28,Adviser One,271600.0,5,25,Adviser One,0.24426535,2.964836049723063
243,28,Adviser One,271600.0,5,25,Adviser One,0.24426535,2.964836049723063
244,28,Adviser One,271600.0,5,25,Adviser One,0.24426535,2.964836049723063
245,28,Adviser One,271600.0,5,25,Adviser One,0.24426535,2.964836049723063
246,28,Adviser One,271600.0,5,25,Adviser One,0.24426535,2.964836049723063
247,28,Adviser One,271600.0,5,25,Adviser One,0.24426535,2.964836049723063
248,28,Adviser One,271600.0,5,25,Adviser One,0.24426535,2.964836049723063
249,28,Adviser One,271600.0,5,25,Adviser One,0.24426535,2.964836049723063
250,28,Adviser One,271600.0,5,25,Adviser One,0.24426535,2.964836049723063
251,28,Adviser Two,271600.0,5,25,Adviser Two,0.22078523,3.0979887234569845
252,28,Adviser Two,271600.0,5,25,Adviser Two,0.22078523,3.0979887234569845
253,28,Adviser Two,271600.0,5,25,Adviser Two,0.22078523,3.0979887234569845
254,28,Adviser Two,271600.0,5,25,Adviser Two,0.22078523,3.0979887234569845
255,28,Adviser Two,271600.0,5,25,Adviser Two,0.22078523,3.0979887234569845
256,28,Adviser Two,271600.0,5,25,Adviser Two,0.22078523,3.0979887234569845
257,28,Adviser Two,271600.0,5,25,Adviser Two,0.22078523,3.0979887234569845
258,28,Adviser Two,271600.0,5,25,Adviser Two,0.22078523,3.0979887234569845
259,28,Adviser Two,271600.0,5,25,Adviser Two,0.22078523,3.0979887234569845
260,28,Adviser Two,271600.0,5,25,Adviser Two,0.22078523,3.0979887234569845
261,28,Adviser Three,271600.0,5,25,Adviser Three,0.24020915,2.9873496421550447
262,28,Adviser Three,271600.0,5,25,Adviser Three,0.24020915,2.9873496421550447
263,28,Adviser Three,271600.0,5,25,Adviser Three,0.24020915,2.9873496421550447
264,28,Adviser Three,271600.0,5,25,Adviser Three,0.24020915,2.9873496421550447
265,28,Adviser Three,271600.0,5,25,Adviser Three,0.24020915,2.9873496421550447
266,28,Adviser Three,271600.0,5,25,Adviser Three,0.24020915,2.9873496421550447
267,28,Adviser Three,271600.0,5,25,Adviser Three,0.24020915,2.9873496421550447
268,28,Adviser Three,271600.0,5,25,Adviser Three,0.24020915,2.9873496421550447
269,28,Adviser Three,271600.0,5,25,Adviser Three,0.24020915,2.9873496421550447
270,28,Adviser Three,271600.0,5,25,Adviser Three,0.24020915,2.9873496421550447
271,29,Adviser One,281300.0,5,25,Adviser One,0.24426535,2.964836049723063
272,29,Adviser One,281300.0,5,25,Adviser One,0.24426535,2.964836049723063
273,29,Adviser One,281300.0,5,25,Adviser One,0.24426535,2.964836049723063
274,29,Adviser One,281300.0,5,25,Adviser One,0.24426535,2.964836049723063
275,29,Adviser One,281300.0,5,25,Adviser One,0.24426535,2.964836049723063
276,29,Adviser One,281300.0,5,25,Adviser One,0.24426535,2.964836049723063
277,29,Adviser One,281300.0,5,25,Adviser One,0.24426535,2.964836049723063
278,29,Adviser One,281300.0,5,25,Adviser One,0.24426535,2.964836049723063
279,29,Adviser One,281300.0,5,25,Adviser One,0.24426535,2.964836049723063
280,29,Adviser One,281300.0,5,25,Adviser One,0.24426535,2.964836049723063
281,29,Adviser Two,281300.0,5,25,Adviser Two,0.22078523,3.0979887234569845
282,29,Adviser Two,281300.0,5,25,Adviser Two,0.22078523,3.0979887234569845
283,29,Adviser Two,281300.0,5,25,Adviser Two,0.22078523,3.0979887234569845
284,29,Adviser Two,281300.0,5,25,Adviser Two,0.22078523,3.0979887234569845
285,29,Adviser Two,281300.0,5,25,Adviser Two,0.22078523,3.0979887234569845
286,29,Adviser Two,281300.0,5,25,Adviser Two,0.22078523,3.0979887234569845
287,29,Adviser Two,281300.0,5,25,Adviser Two,0.22078523,3.0979887234569845
288,29,Adviser Two,281300.0,5,25,Adviser Two,0.22078523,3.0979887234569845
289,29,Adviser Two,281300.0,5,25,Adviser Two,0.22078523,3.0979887234569845
290,29,Adviser Two,281300.0,5,25,Adviser Two,0.22078523,3.0979887234569845
291,29,Adviser Three,281300.0,5,25,Adviser Three,0.24020915,2.9873496421550447
292,29,Adviser Three,281300.0,5,25,Adviser Three,0.24020915,2.9873496421550447
293,29,Adviser Three,281300.0,5,25,Adviser Three,0.24020915,2.9873496421550447
294,29,Adviser Three,281300.0,5,25,Adviser Three,0.24020915,2.9873496421550447
295,29,Adviser Three,281300.0,5,25,Adviser Three,0.24020915,2.9873496421550447
296,29,Adviser Three,281300.0,5,25,Adviser Three,0.24020915,2.9873496421550447
297,29,Adviser Three,281300.0,5,25,Adviser Three,0.24020915,2.9873496421550447
298,29,Adviser Three,281300.0,5,25,Adviser Three,0.24020915,2.9873496421550447
299,29,Adviser Three,281300.0,5,25,Adviser Three,0.24020915,2.9873496421550447
300,29,Adviser Three,281300.0,5,25,Adviser Three,0.24020915,2.9873496421550447
301,30,Adviser One,291000.0,5,30,Adviser One,0.2518978,2.9230158405024143
302,30,Adviser One,291000.0,5,30,Adviser One,0.2518978,2.9230158405024143
303,30,Adviser One,291000.0,5,30,Adviser One,0.2518978,2.9230158405024143
304,30,Adviser One,291000.0,5,30,Adviser One,0.2518978,2.9230158405024143
305,30,Adviser One,291000.0,5,30,Adviser One,0.2518978,2.9230158405024143
306,30,Adviser One,291000.0,5,30,Adviser One,0.2518978,2.9230158405024143
307,30,Adviser One,291000.0,5,30,Adviser One,0.2518978,2.9230158405024143
308,30,Adviser One,291000.0,5,30,Adviser One,0.2518978,2.9230158405024143
310,30,Adviser One,291000.0,5,30,Adviser One,0.2518978,2.9230158405024143
311,30,Adviser Two,291000.0,5,30,Adviser Two,0.23460098,3.0188106858874546
312,30,Adviser Two,291000.0,5,30,Adviser Two,0.23460098,3.0188106858874546
313,30,Adviser Two,291000.0,5,30,Adviser Two,0.23460098,3.0188106858874546
314,30,Adviser Two,291000.0,5,30,Adviser Two,0.23460098,3.0188106858874546
315,30,Adviser Two,291000.0,5,30,Adviser Two,0.23460098,3.0188106858874546
316,30,Adviser Two,291000.0,5,30,Adviser Two,0.23460098,3.0188106858874546
317,30,Adviser Two,291000.0,5,30,Adviser Two,0.23460098,3.0188106858874546
318,30,Adviser Two,291000.0,5,30,Adviser Two,0.23460098,3.0188106858874546
319,30,Adviser Two,291000.0,5,30,Adviser Two,0.23460098,3.0188106858874546
320,30,Adviser Two,291000.0,5,30,Adviser Two,0.23460098,3.0188106858874546
321,30,Adviser Three,291000.0,5,30,Adviser Three,0.2649004,2.8533810070503867
322,30,Adviser Three,291000.0,5,30,Adviser Three,0.2649004,2.8533810070503867
323,30,Adviser Three,291000.0,5,30,Adviser Three,0.2649004,2.8533810070503867
324,30,Adviser Three,291000.0,5,30,Adviser Three,0.2649004,2.8533810070503867
325,30,Adviser Three,291000.0,5,30,Adviser Three,0.2649004,2.8533810070503867
326,30,Adviser Three,291000.0,5,30,Adviser Three,0.2649004,2.8533810070503867
327,30,Adviser Three,291000.0,5,30,Adviser Three,0.2649004,2.8533810070503867
328,30,Adviser Three,291000.0,5,30,Adviser Three,0.2649004,2.8533810070503867
329,30,Adviser Three,291000.0,5,30,Adviser Three,0.2649004,2.8533810070503867
330,30,Adviser Three,291000.0,5,30,Adviser Three,0.2649004,2.8533810070503867
332,31,Adviser One,300700.0,5,30,Adviser One,0.2518978,2.9230158405024143
334,31,Adviser One,300700.0,5,30,Adviser One,0.2518978,2.9230158405024143
335,31,Adviser One,300700.0,5,30,Adviser One,0.2518978,2.9230158405024143
336,31,Adviser One,300700.0,5,30,Adviser One,0.2518978,2.9230158405024143
337,31,Adviser One,300700.0,5,30,Adviser One,0.2518978,2.9230158405024143
338,31,Adviser One,300700.0,5,30,Adviser One,0.2518978,2.9230158405024143
339,31,Adviser One,300700.0,5,30,Adviser One,0.2518978,2.9230158405024143
340,31,Adviser One,300700.0,5,30,Adviser One,0.2518978,2.9230158405024143
341,31,Adviser Two,300700.0,5,30,Adviser Two,0.23460098,3.0188106858874546
342,31,Adviser Two,300700.0,5,30,Adviser Two,0.23460098,3.0188106858874546
343,31,Adviser Two,300700.0,5,30,Adviser Two,0.23460098,3.0188106858874546
344,31,Adviser Two,300700.0,5,30,Adviser Two,0.23460098,3.0188106858874546
345,31,Adviser Two,300700.0,5,30,Adviser Two,0.23460098,3.0188106858874546
346,31,Adviser Two,300700.0,5,30,Adviser Two,0.23460098,3.0188106858874546
347,31,Adviser Two,300700.0,5,30,Adviser Two,0.23460098,3.0188106858874546
348,31,Adviser Two,300700.0,5,30,Adviser Two,0.23460098,3.0188106858874546
349,31,Adviser Two,300700.0,5,30,Adviser Two,0.23460098,3.0188106858874546
350,31,Adviser Two,300700.0,5,30,Adviser Two,0.23460098,3.0188106858874546
351,31,Adviser Three,300700.0,5,30,Adviser Three,0.2649004,2.8533810070503867
352,31,Adviser Three,300700.0,5,30,Adviser Three,0.2649004,2.8533810070503867
353,31,Adviser Three,300700.0,5,30,Adviser Three,0.2649004,2.8533810070503867
354,31,Adviser Three,300700.0,5,30,Adviser Three,0.2649004,2.8533810070503867
355,31,Adviser Three,300700.0,5,30,Adviser Three,0.2649004,2.8533810070503867
356,31,Adviser Three,300700.0,5,30,Adviser Three,0.2649004,2.8533810070503867
357,31,Adviser Three,300700.0,5,30,Adviser Three,0.2649004,2.8533810070503867
358,31,Adviser Three,300700.0,5,30,Adviser Three,0.2649004,2.8533810070503867
359,31,Adviser Three,300700.0,5,30,Adviser Three,0.2649004,2.8533810070503867
360,31,Adviser Three,300700.0,5,30,Adviser Three,0.2649004,2.8533810070503867
361,32,Adviser One,310400.0,5,30,Adviser One,0.2518978,2.9230158405024143
362,32,Adviser One,310400.0,5,30,Adviser One,0.2518978,2.9230158405024143
363,32,Adviser One,310400.0,5,30,Adviser One,0.2518978,2.9230158405024143
364,32,Adviser One,310400.0,5,30,Adviser One,0.2518978,2.9230158405024143
365,32,Adviser One,310400.0,5,30,Adviser One,0.2518978,2.9230158405024143
366,32,Adviser One,310400.0,5,30,Adviser One,0.2518978,2.9230158405024143
367,32,Adviser One,310400.0,5,30,Adviser One,0.2518978,2.9230158405024143
368,32,Adviser One,310400.0,5,30,Adviser One,0.2518978,2.9230158405024143
369,32,Adviser One,310400.0,5,30,Adviser One,0.2518978,2.9230158405024143
370,32,Adviser One,310400.0,5,30,Adviser One,0.2518978,2.9230158405024143
371,32,Adviser Two,310400.0,5,30,Adviser Two,0.23460098,3.0188106858874546
372,32,Adviser Two,310400.0,5,30,Adviser Two,0.23460098,3.0188106858874546
373,32,Adviser Two,310400.0,5,30,Adviser Two,0.23460098,3.0188106858874546
374,32,Adviser Two,310400.0,5,30,Adviser Two,0.23460098,3.0188106858874546
375,32,Adviser Two,310400.0,5,30,Adviser Two,0.23460098,3.0188106858874546
376,32,Adviser Two,310400.0,5,30,Adviser Two,0.23460098,3.0188106858874546
377,32,Adviser Two,310400.0,5,30,Adviser Two,0.23460098,3.0188106858874546
378,32,Adviser Two,310400.0,5,30,Adviser Two,0.23460098,3.0188106858874546
379,32,Adviser Two,310400.0,5,30,Adviser Two,0.23460098,3.0188106858874546
380,32,Adviser Two,310400.0,5,30,Adviser Two,0.23460098,3.0188106858874546
381,32,Adviser Three,310400.0,5,30,Adviser Three,0.2649004,2.8533810070503867
383,32,Adviser Three,310400.0,5,30,Adviser Three,0.2649004,2.8533810070503867
384,32,Adviser Three,310400.0,5,30,Adviser Three,0.2649004,2.8533810070503867
385,32,Adviser Three,310400.0,5,30,Adviser Three,0.2649004,2.8533810070503867
386,32,Adviser Three,310400.0,5,30,Adviser Three,0.2649004,2.8533810070503867
387,32,Adviser Three,310400.0,5,30,Adviser Three,0.2649004,2.8533810070503867
388,32,Adviser Three,310400.0,5,30,Adviser Three,0.2649004,2.8533810070503867
389,32,Adviser Three,310400.0,5,30,Adviser Three,0.2649004,2.8533810070503867
390,32,Adviser Three,310400.0,5,30,Adviser Three,0.2649004,2.8533810070503867
391,33,Adviser One,320100.0,5,30,Adviser One,0.2518978,2.9230158405024143
392,33,Adviser One,320100.0,5,30,Adviser One,0.2518978,2.9230158405024143
393,33,Adviser One,320100.0,5,30,Adviser One,0.2518978,2.9230158405024143
394,33,Adviser One,320100.0,5,30,Adviser One,0.2518978,2.9230158405024143
395,33,Adviser One,320100.0,5,30,Adviser One,0.2518978,2.9230158405024143
396,33,Adviser One,320100.0,5,30,Adviser One,0.2518978,2.9230158405024143
397,33,Adviser One,320100.0,5,30,Adviser One,0.2518978,2.9230158405024143
398,33,Adviser One,320100.0,5,30,Adviser One,0.2518978,2.9230158405024143
399,33,Adviser One,320100.0,5,30,Adviser One,0.2518978,2.9230158405024143
400,33,Adviser One,320100.0,5,30,Adviser One,0.2518978,2.9230158405024143
401,33,Adviser Two,320100.0,5,30,Adviser Two,0.23460098,3.0188106858874546
402,33,Adviser Two,320100.0,5,30,Adviser Two,0.23460098,3.0188106858874546
403,33,Adviser Two,320100.0,5,30,Adviser Two,0.23460098,3.0188106858874546
404,33,Adviser Two,320100.0,5,30,Adviser Two,0.23460098,3.0188106858874546
405,33,Adviser Two,320100.0,5,30,Adviser Two,0.23460098,3.0188106858874546
406,33,Adviser Two,320100.0,5,30,Adviser Two,0.23460098,3.0188106858874546
407,33,Adviser Two,320100.0,5,30,Adviser Two,0.23460098,3.0188106858874546
408,33,Adviser Two,320100.0,5,30,Adviser Two,0.23460098,3.0188106858874546
409,33,Adviser Two,320100.0,5,30,Adviser Two,0.23460098,3.0188106858874546
410,33,Adviser Two,320100.0,5,30,Adviser Two,0.23460098,3.0188106858874546
412,33,Adviser Three,320100.0,5,30,Adviser Three,0.2649004,2.8533810070503867
413,33,Adviser Three,320100.0,5,30,Adviser Three,0.2649004,2.8533810070503867
414,33,Adviser Three,320100.0,5,30,Adviser Three,0.2649004,2.8533810070503867
415,33,Adviser Three,320100.0,5,30,Adviser Three,0.2649004,2.8533810070503867
416,33,Adviser Three,320100.0,5,30,Adviser Three,0.2649004,2.8533810070503867
417,33,Adviser Three,320100.0,5,30,Adviser Three,0.2649004,2.8533810070503867
418,33,Adviser Three,320100.0,5,30,Adviser Three,0.2649004,2.8533810070503867
419,33,Adviser Three,320100.0,5,30,Adviser Three,0.2649004,2.8533810070503867
420,33,Adviser Three,320100.0,5,30,Adviser Three,0.2649004,2.8533810070503867
421,34,Adviser One,329800.0,5,30,Adviser One,0.2518978,2.9230158405024143
422,34,Adviser One,329800.0,5,30,Adviser One,0.2518978,2.9230158405024143
423,34,Adviser One,329800.0,5,30,Adviser One,0.2518978,2.9230158405024143
424,34,Adviser One,329800.0,5,30,Adviser One,0.2518978,2.9230158405024143
425,34,Adviser One,329800.0,5,30,Adviser One,0.2518978,2.9230158405024143
426,34,Adviser One,329800.0,5,30,Adviser One,0.2518978,2.9230158405024143
427,34,Adviser One,329800.0,5,30,Adviser One,0.2518978,2.9230158405024143
428,34,Adviser One,329800.0,5,30,Adviser One,0.2518978,2.9230158405024143
429,34,Adviser One,329800.0,5,30,Adviser One,0.2518978,2.9230158405024143
430,34,Adviser One,329800.0,5,30,Adviser One,0.2518978,2.9230158405024143
431,34,Adviser Two,329800.0,5,30,Adviser Two,0.23460098,3.0188106858874546
432,34,Adviser Two,329800.0,5,30,Adviser Two,0.23460098,3.0188106858874546
433,34,Adviser Two,329800.0,5,30,Adviser Two,0.23460098,3.0188106858874546
434,34,Adviser Two,329800.0,5,30,Adviser Two,0.23460098,3.0188106858874546
435,34,Adviser Two,329800.0,5,30,Adviser Two,0.23460098,3.0188106858874546
436,34,Adviser Two,329800.0,5,30,Adviser Two,0.23460098,3.0188106858874546
437,34,Adviser Two,329800.0,5,30,Adviser Two,0.23460098,3.0188106858874546
438,34,Adviser Two,329800.0,5,30,Adviser Two,0.23460098,3.0188106858874546
439,34,Adviser Two,329800.0,5,30,Adviser Two,0.23460098,3.0188106858874546
440,34,Adviser Two,329800.0,5,30,Adviser Two,0.23460098,3.0188106858874546
441,34,Adviser Three,329800.0,5,30,Adviser Three,0.2649004,2.8533810070503867
442,34,Adviser Three,329800.0,5,30,Adviser Three,0.2649004,2.8533810070503867
443,34,Adviser Three,329800.0,5,30,Adviser Three,0.2649004,2.8533810070503867
444,34,Adviser Three,329800.0,5,30,Adviser Three,0.2649004,2.8533810070503867
445,34,Adviser Three,329800.0,5,30,Adviser Three,0.2649004,2.8533810070503867
446,34,Adviser Three,329800.0,5,30,Adviser Three,0.2649004,2.8533810070503867
447,34,Adviser Three,329800.0,5,30,Adviser Three,0.2649004,2.8533810070503867
448,34,Adviser Three,329800.0,5,30,Adviser Three,0.2649004,2.8533810070503867
449,34,Adviser Three,329800.0,5,30,Adviser Three,0.2649004,2.8533810070503867
450,34,Adviser Three,329800.0,5,30,Adviser Three,0.2649004,2.8533810070503867
451,35,Adviser One,339500.0,5,35,Adviser One,0.25877324,2.885944215214083
452,35,Adviser One,339500.0,5,35,Adviser One,0.25877324,2.885944215214083
453,35,Adviser One,339500.0,5,35,Adviser One,0.25877324,2.885944215214083
454,35,Adviser One,339500.0,5,35,Adviser One,0.25877324,2.885944215214083
455,35,Adviser One,339500.0,5,35,Adviser One,0.25877324,2.885944215214083
456,35,Adviser One,339500.0,5,35,Adviser One,0.25877324,2.885944215214083
457,35,Adviser One,339500.0,5,35,Adviser One,0.25877324,2.885944215214083
458,35,Adviser One,339500.0,5,35,Adviser One,0.25877324,2.885944215214083
459,35,Adviser One,339500.0,5,35,Adviser One,0.25877324,2.885944215214083
460,35,Adviser One,339500.0,5,35,Adviser One,0.25877324,2.885944215214083
461,35,Adviser Two,339500.0,5,35,Adviser Two,0.24749184,2.947071127350033
462,35,Adviser Two,339500.0,5,35,Adviser Two,0.24749184,2.947071127350033
463,35,Adviser Two,339500.0,5,35,Adviser Two,0.24749184,2.947071127350033
464,35,Adviser Two,339500.0,5,35,Adviser Two,0.24749184,2.947071127350033
465,35,Adviser Two,339500.0,5,35,Adviser Two,0.24749184,2.947071127350033
466,35,Adviser Two,339500.0,5,35,Adviser Two,0.24749184,2.947071127350033
467,35,Adviser Two,339500.0,5,35,Adviser Two,0.24749184,2.947071127350033
468,35,Adviser Two,339500.0,5,35,Adviser Two,0.24749184,2.947071127350033
469,35,Adviser Two,339500.0,5,35,Adviser Two,0.24749184,2.947071127350033
470,35,Adviser Two,339500.0,5,35,Adviser Two,0.24749184,2.947071127350033
471,35,Adviser Three,339500.0,5,35,Adviser Three,0.30510604,2.6504327631283955
472,35,Adviser Three,339500.0,5,35,Adviser Three,0.30510604,2.6504327631283955
473,35,Adviser Three,339500.0,5,35,Adviser Three,0.30510604,2.6504327631283955
474,35,Adviser Three,339500.0,5,35,Adviser Three,0.30510604,2.6504327631283955
475,35,Adviser Three,339500.0,5,35,Adviser Three,0.30510604,2.6504327631283955
476,35,Adviser Three,339500.0,5,35,Adviser Three,0.30510604,2.6504327631283955
477,35,Adviser Three,339500.0,5,35,Adviser Three,0.30510604,2.6504327631283955
478,35,Adviser Three,339500.0,5,35,Adviser Three,0.30510604,2.6504327631283955
479,35,Adviser Three,339500.0,5,35,Adviser Three,0.30510604,2.6504327631283955
480,35,Adviser Three,339500.0,5,35,Adviser Three,0.30510604,2.6504327631283955
481,36,Adviser One,349200.0,5,35,Adviser One,0.25877324,2.885944215214083
482,36,Adviser One,349200.0,5,35,Adviser One,0.25877324,2.885944215214083
483,36,Adviser One,349200.0,5,35,Adviser One,0.25877324,2.885944215214083
484,36,Adviser One,349200.0,5,35,Adviser One,0.25877324,2.885944215214083
485,36,Adviser One,349200.0,5,35,Adviser One,0.25877324,2.885944215214083
486,36,Adviser One,349200.0,5,35,Adviser One,0.25877324,2.885944215214083
487,36,Adviser One,349200.0,5,35,Adviser One,0.25877324,2.885944215214083
488,36,Adviser One,349200.0,5,35,Adviser One,0.25877324,2.885944215214083
489,36,Adviser One,349200.0,5,35,Adviser One,0.25877324,2.885944215214083
490,36,Adviser One,349200.0,5,35,Adviser One,0.25877324,2.885944215214083
491,36,Adviser Two,349200.0,5,35,Adviser Two,0.24749184,2.947071127350033
492,36,Adviser Two,349200.0,5,35,Adviser Two,0.24749184,2.947071127350033
493,36,Adviser Two,349200.0,5,35,Adviser Two,0.24749184,2.947071127350033
494,36,Adviser Two,349200.0,5,35,Adviser Two,0.24749184,2.947071127350033
495,36,Adviser Two,349200.0,5,35,Adviser Two,0.24749184,2.947071127350033
496,36,Adviser Two,349200.0,5,35,Adviser Two,0.24749184,2.947071127350033
497,36,Adviser Two,349200.0,5,35,Adviser Two,0.24749184,2.947071127350033
498,36,Adviser Two,349200.0,5,35,Adviser Two,0.24749184,2.947071127350033
499,36,Adviser Two,349200.0,5,35,Adviser Two,0.24749184,2.947071127350033
500,36,Adviser Two,349200.0,5,35,Adviser Two,0.24749184,2.947071127350033
501,36,Adviser Three,349200.0,5,35,Adviser Three,0.30510604,2.6504327631283955
502,36,Adviser Three,349200.0,5,35,Adviser Three,0.30510604,2.6504327631283955
503,36,Adviser Three,349200.0,5,35,Adviser Three,0.30510604,2.6504327631283955
504,36,Adviser Three,349200.0,5,35,Adviser Three,0.30510604,2.6504327631283955
505,36,Adviser Three,349200.0,5,35,Adviser Three,0.30510604,2.6504327631283955
506,36,Adviser Three,349200.0,5,35,Adviser Three,0.30510604,2.6504327631283955
507,36,Adviser Three,349200.0,5,35,Adviser Three,0.30510604,2.6504327631283955
508,36,Adviser Three,349200.0,5,35,Adviser Three,0.30510604,2.6504327631283955
509,36,Adviser Three,349200.0,5,35,Adviser Three,0.30510604,2.6504327631283955
510,36,Adviser Three,349200.0,5,35,Adviser Three,0.30510604,2.6504327631283955
511,37,Adviser One,358900.0,5,35,Adviser One,0.25877324,2.885944215214083
512,37,Adviser One,358900.0,5,35,Adviser One,0.25877324,2.885944215214083
513,37,Adviser One,358900.0,5,35,Adviser One,0.25877324,2.885944215214083
514,37,Adviser One,358900.0,5,35,Adviser One,0.25877324,2.885944215214083
515,37,Adviser One,358900.0,5,35,Adviser One,0.25877324,2.885944215214083
516,37,Adviser One,358900.0,5,35,Adviser One,0.25877324,2.885944215214083
517,37,Adviser One,358900.0,5,35,Adviser One,0.25877324,2.885944215214083
518,37,Adviser One,358900.0,5,35,Adviser One,0.25877324,2.885944215214083
520,37,Adviser One,358900.0,5,35,Adviser One,0.25877324,2.885944215214083
521,37,Adviser Two,358900.0,5,35,Adviser Two,0.24749184,2.947071127350033
522,37,Adviser Two,358900.0,5,35,Adviser Two,0.24749184,2.947071127350033
523,37,Adviser Two,358900.0,5,35,Adviser Two,0.24749184,2.947071127350033
524,37,Adviser Two,358900.0,5,35,Adviser Two,0.24749184,2.947071127350033
525,37,Adviser Two,358900.0,5,35,Adviser Two,0.24749184,2.947071127350033
526,37,Adviser Two,358900.0,5,35,Adviser Two,0.24749184,2.947071127350033
527,37,Adviser Two,358900.0,5,35,Adviser Two,0.24749184,2.947071127350033
528,37,Adviser Two,358900.0,5,35,Adviser Two,0.24749184,2.947071127350033
529,37,Adviser Two,358900.0,5,35,Adviser Two,0.24749184,2.947071127350033
530,37,Adviser Two,358900.0,5,35,Adviser Two,0.24749184,2.947071127350033
531,37,Adviser Three,358900.0,5,35,Adviser Three,0.30510604,2.6504327631283955
532,37,Adviser Three,358900.0,5,35,Adviser Three,0.30510604,2.6504327631283955
533,37,Adviser Three,358900.0,5,35,Adviser Three,0.30510604,2.6504327631283955
534,37,Adviser Three,358900.0,5,35,Adviser Three,0.30510604,2.6504327631283955
535,37,Adviser Three,358900.0,5,35,Adviser Three,0.30510604,2.6504327631283955
536,37,Adviser Three,358900.0,5,35,Adviser Three,0.30510604,2.6504327631283955
537,37,Adviser Three,358900.0,5,35,Adviser Three,0.30510604,2.6504327631283955
538,37,Adviser Three,358900.0,5,35,Adviser Three,0.30510604,2.6504327631283955
539,37,Adviser Three,358900.0,5,35,Adviser Three,0.30510604,2.6504327631283955
540,37,Adviser Three,358900.0,5,35,Adviser Three,0.30510604,2.6504327631283955
541,38,Adviser One,368600.0,5,35,Adviser One,0.25877324,2.885944215214083
542,38,Adviser One,368600.0,5,35,Adviser One,0.25877324,2.885944215214083
543,38,Adviser One,368600.0,5,35,Adviser One,0.25877324,2.885944215214083
544,38,Adviser One,368600.0,5,35,Adviser One,0.25877324,2.885944215214083
545,38,Adviser One,368600.0,5,35,Adviser One,0.25877324,2.885944215214083
546,38,Adviser One,368600.0,5,35,Adviser One,0.25877324,2.885944215214083
547,38,Adviser One,368600.0,5,35,Adviser One,0.25877324,2.885944215214083
548,38,Adviser One,368600.0,5,35,Adviser One,0.25877324,2.885944215214083
549,38,Adviser One,368600.0,5,35,Adviser One,0.25877324,2.885944215214083
550,38,Adviser One,368600.0,5,35,Adviser One,0.25877324,2.885944215214083
551,38,Adviser Two,368600.0,5,35,Adviser Two,0.24749184,2.947071127350033
552,38,Adviser Two,368600.0,5,35,Adviser Two,0.24749184,2.947071127350033
553,38,Adviser Two,368600.0,5,35,Adviser Two,0.24749184,2.947071127350033
554,38,Adviser Two,368600.0,5,35,Adviser Two,0.24749184,2.947071127350033
555,38,Adviser Two,368600.0,5,35,Adviser Two,0.24749184,2.947071127350033
556,38,Adviser Two,368600.0,5,35,Adviser Two,0.24749184,2.947071127350033
557,38,Adviser Two,368600.0,5,35,Adviser Two,0.24749184,2.947071127350033
558,38,Adviser Two,368600.0,5,35,Adviser Two,0.24749184,2.947071127350033
559,38,Adviser Two,368600.0,5,35,Adviser Two,0.24749184,2.947071127350033
560,38,Adviser Two,368600.0,5,35,Adviser Two,0.24749184,2.947071127350033
561,38,Adviser Three,368600.0,5,35,Adviser Three,0.30510604,2.6504327631283955
562,38,Adviser Three,368600.0,5,35,Adviser Three,0.30510604,2.6504327631283955
563,38,Adviser Three,368600.0,5,35,Adviser Three,0.30510604,2.6504327631283955
564,38,Adviser Three,368600.0,5,35,Adviser Three,0.30510604,2.6504327631283955
565,38,Adviser Three,368600.0,5,35,Adviser Three,0.30510604,2.6504327631283955
566,38,Adviser Three,368600.0,5,35,Adviser Three,0.30510604,2.6504327631283955
567,38,Adviser Three,368600.0,5,35,Adviser Three,0.30510604,2.6504327631283955
568,38,Adviser Three,368600.0,5,35,Adviser Three,0.30510604,2.6504327631283955
569,38,Adviser Three,368600.0,5,35,Adviser Three,0.30510604,2.6504327631283955
570,38,Adviser Three,368600.0,5,35,Adviser Three,0.30510604,2.6504327631283955
571,39,Adviser One,378300.0,5,35,Adviser One,0.25877324,2.885944215214083
572,39,Adviser One,378300.0,5,35,Adviser One,0.25877324,2.885944215214083
573,39,Adviser One,378300.0,5,35,Adviser One,0.25877324,2.885944215214083
574,39,Adviser One,378300.0,5,35,Adviser One,0.25877324,2.885944215214083
575,39,Adviser One,378300.0,5,35,Adviser One,0.25877324,2.885944215214083
576,39,Adviser One,378300.0,5,35,Adviser One,0.25877324,2.885944215214083
577,39,Adviser One,378300.0,5,35,Adviser One,0.25877324,2.885944215214083
578,39,Adviser One,378300.0,5,35,Adviser One,0.25877324,2.885944215214083
579,39,Adviser One,378300.0,5,35,Adviser One,0.25877324,2.885944215214083
580,39,Adviser One,378300.0,5,35,Adviser One,0.25877324,2.885944215214083
581,39,Adviser Two,378300.0,5,35,Adviser Two,0.24749184,2.947071127350033
582,39,Adviser Two,378300.0,5,35,Adviser Two,0.24749184,2.947071127350033
583,39,Adviser Two,378300.0,5,35,Adviser Two,0.24749184,2.947071127350033
584,39,Adviser Two,378300.0,5,35,Adviser Two,0.24749184,2.947071127350033
585,39,Adviser Two,378300.0,5,35,Adviser Two,0.24749184,2.947071127350033
586,39,Adviser Two,378300.0,5,35,Adviser Two,0.24749184,2.947071127350033
587,39,Adviser Two,378300.0,5,35,Adviser Two,0.24749184,2.947071127350033
589,39,Adviser Two,378300.0,5,35,Adviser Two,0.24749184,2.947071127350033
590,39,Adviser Two,378300.0,5,35,Adviser Two,0.24749184,2.947071127350033
591,39,Adviser Three,378300.0,5,35,Adviser Three,0.30510604,2.6504327631283955
592,39,Adviser Three,378300.0,5,35,Adviser Three,0.30510604,2.6504327631283955
593,39,Adviser Three,378300.0,5,35,Adviser Three,0.30510604,2.6504327631283955
594,39,Adviser Three,378300.0,5,35,Adviser Three,0.30510604,2.6504327631283955
595,39,Adviser Three,378300.0,5,35,Adviser Three,0.30510604,2.6504327631283955
596,39,Adviser Three,378300.0,5,35,Adviser Three,0.30510604,2.6504327631283955
597,39,Adviser Three,378300.0,5,35,Adviser Three,0.30510604,2.6504327631283955
598,39,Adviser Three,378300.0,5,35,Adviser Three,0.30510604,2.6504327631283955
599,39,Adviser Three,378300.0,5,35,Adviser Three,0.30510604,2.6504327631283955
600,39,Adviser Three,378300.0,5,35,Adviser Three,0.30510604,2.6504327631283955
601,40,Adviser One,388000.0,5,40,Adviser One,0.2824521,2.762527454890984
602,40,Adviser One,388000.0,5,40,Adviser One,0.2824521,2.762527454890984
603,40,Adviser One,388000.0,5,40,Adviser One,0.2824521,2.762527454890984
604,40,Adviser One,388000.0,5,40,Adviser One,0.2824521,2.762527454890984
605,40,Adviser One,388000.0,5,40,Adviser One,0.2824521,2.762527454890984
606,40,Adviser One,388000.0,5,40,Adviser One,0.2824521,2.762527454890984
607,40,Adviser One,388000.0,5,40,Adviser One,0.2824521,2.762527454890984
609,40,Adviser One,388000.0,5,40,Adviser One,0.2824521,2.762527454890984
610,40,Adviser One,388000.0,5,40,Adviser One,0.2824521,2.762527454890984
611,40,Adviser Two,388000.0,5,40,Adviser Two,0.25978407,2.880541443158047
612,40,Adviser Two,388000.0,5,40,Adviser Two,0.25978407,2.880541443158047
613,40,Adviser Two,388000.0,5,40,Adviser Two,0.25978407,2.880541443158047
614,40,Adviser Two,388000.0,5,40,Adviser Two,0.25978407,2.880541443158047
615,40,Adviser Two,388000.0,5,40,Adviser Two,0.25978407,2.880541443158047
616,40,Adviser Two,388000.0,5,40,Adviser Two,0.25978407,2.880541443158047
617,40,Adviser Two,388000.0,5,40,Adviser Two,0.25978407,2.880541443158047
618,40,Adviser Two,388000.0,5,40,Adviser Two,0.25978407,2.880541443158047
619,40,Adviser Two,388000.0,5,40,Adviser Two,0.25978407,2.880541443158047
620,40,Adviser Two,388000.0,5,40,Adviser Two,0.25978407,2.880541443158047
622,40,Adviser Three,388000.0,5,40,Adviser Three,0.3546716,2.4243937393673507
623,40,Adviser Three,388000.0,5,40,Adviser Three,0.3546716,2.4243937393673507
624,40,Adviser Three,388000.0,5,40,Adviser Three,0.3546716,2.4243937393673507
625,40,Adviser Three,388000.0,5,40,Adviser Three,0.3546716,2.4243937393673507
626,40,Adviser Three,388000.0,5,40,Adviser Three,0.3546716,2.4243937393673507
627,40,Adviser Three,388000.0,5,40,Adviser Three,0.3546716,2.4243937393673507
628,40,Adviser Three,388000.0,5,40,Adviser Three,0.3546716,2.4243937393673507
629,40,Adviser Three,388000.0,5,40,Adviser Three,0.3546716,2.4243937393673507
630,40,Adviser Three,388000.0,5,40,Adviser Three,0.3546716,2.4243937393673507
631,41,Adviser One,397700.0,5,40,Adviser One,0.2824521,2.762527454890984
632,41,Adviser One,397700.0,5,40,Adviser One,0.2824521,2.762527454890984
633,41,Adviser One,397700.0,5,40,Adviser One,0.2824521,2.762527454890984
634,41,Adviser One,397700.0,5,40,Adviser One,0.2824521,2.762527454890984
635,41,Adviser One,397700.0,5,40,Adviser One,0.2824521,2.762527454890984
636,41,Adviser One,397700.0,5,40,Adviser One,0.2824521,2.762527454890984
637,41,Adviser One,397700.0,5,40,Adviser One,0.2824521,2.762527454890984
638,41,Adviser One,397700.0,5,40,Adviser One,0.2824521,2.762527454890984
639,41,Adviser One,397700.0,5,40,Adviser One,0.2824521,2.762527454890984
640,41,Adviser One,397700.0,5,40,Adviser One,0.2824521,2.762527454890984
641,41,Adviser Two,397700.0,5,40,Adviser Two,0.25978407,2.880541443158047
642,41,Adviser Two,397700.0,5,40,Adviser Two,0.25978407,2.880541443158047
643,41,Adviser Two,397700.0,5,40,Adviser Two,0.25978407,2.880541443158047
644,41,Adviser Two,397700.0,5,40,Adviser Two,0.25978407,2.880541443158047
645,41,Adviser Two,397700.0,5,40,Adviser Two,0.25978407,2.880541443158047
646,41,Adviser Two,397700.0,5,40,Adviser Two,0.25978407,2.880541443158047
647,41,Adviser Two,397700.0,5,40,Adviser Two,0.25978407,2.880541443158047
648,41,Adviser Two,397700.0,5,40,Adviser Two,0.25978407,2.880541443158047
649,41,Adviser Two,397700.0,5,40,Adviser Two,0.25978407,2.880541443158047
650,41,Adviser Two,397700.0,5,40,Adviser Two,0.25978407,2.880541443158047
651,41,Adviser Three,397700.0,5,40,Adviser Three,0.3546716,2.4243937393673507
652,41,Adviser Three,397700.0,5,40,Adviser Three,0.3546716,2.4243937393673507
654,41,Adviser Three,397700.0,5,40,Adviser Three,0.3546716,2.4243937393673507
655,41,Adviser Three,397700.0,5,40,Adviser Three,0.3546716,2.4243937393673507
656,41,Adviser Three,397700.0,5,40,Adviser Three,0.3546716,2.4243937393673507
657,41,Adviser Three,397700.0,5,40,Adviser Three,0.3546716,2.4243937393673507
658,41,Adviser Three,397700.0,5,40,Adviser Three,0.3546716,2.4243937393673507
659,41,Adviser Three,397700.0,5,40,Adviser Three,0.3546716,2.4243937393673507
660,41,Adviser Three,397700.0,5,40,Adviser Three,0.3546716,2.4243937393673507
661,42,Adviser One,407400.0,5,40,Adviser One,0.2824521,2.762527454890984
662,42,Adviser One,407400.0,5,40,Adviser One,0.2824521,2.762527454890984
663,42,Adviser One,407400.0,5,40,Adviser One,0.2824521,2.762527454890984
664,42,Adviser One,407400.0,5,40,Adviser One,0.2824521,2.762527454890984
665,42,Adviser One,407400.0,5,40,Adviser One,0.2824521,2.762527454890984
666,42,Adviser One,407400.0,5,40,Adviser One,0.2824521,2.762527454890984
667,42,Adviser One,407400.0,5,40,Adviser One,0.2824521,2.762527454890984
668,42,Adviser One,407400.0,5,40,Adviser One,0.2824521,2.762527454890984
669,42,Adviser One,407400.0,5,40,Adviser One,0.2824521,2.762527454890984
670,42,Adviser One,407400.0,5,40,Adviser One,0.2824521,2.762527454890984
671,42,Adviser Two,407400.0,5,40,Adviser Two,0.25978407,2.880541443158047
672,42,Adviser Two,407400.0,5,40,Adviser Two,0.25978407,2.880541443158047
673,42,Adviser Two,407400.0,5,40,Adviser Two,0.25978407,2.880541443158047
674,42,Adviser Two,407400.0,5,40,Adviser Two,0.25978407,2.880541443158047
675,42,Adviser Two,407400.0,5,40,Adviser Two,0.25978407,2.880541443158047
676,42,Adviser Two,407400.0,5,40,Adviser Two,0.25978407,2.880541443158047
677,42,Adviser Two,407400.0,5,40,Adviser Two,0.25978407,2.880541443158047
678,42,Adviser Two,407400.0,5,40,Adviser Two,0.25978407,2.880541443158047
679,42,Adviser Two,407400.0,5,40,Adviser Two,0.25978407,2.880541443158047
680,42,Adviser Two,407400.0,5,40,Adviser Two,0.25978407,2.880541443158047
681,42,Adviser Three,407400.0,5,40,Adviser Three,0.3546716,2.4243937393673507
682,42,Adviser Three,407400.0,5,40,Adviser Three,0.3546716,2.4243937393673507
683,42,Adviser Three,407400.0,5,40,Adviser Three,0.3546716,2.4243937393673507
684,42,Adviser Three,407400.0,5,40,Adviser Three,0.3546716,2.4243937393673507
685,42,Adviser Three,407400.0,5,40,Adviser Three,0.3546716,2.4243937393673507
686,42,Adviser Three,407400.0,5,40,Adviser Three,0.3546716,2.4243937393673507
687,42,Adviser Three,407400.0,5,40,Adviser Three,0.3546716,2.4243937393673507
688,42,Adviser Three,407400.0,5,40,Adviser Three,0.3546716,2.4243937393673507
689,42,Adviser Three,407400.0,5,40,Adviser Three,0.3546716,2.4243937393673507
690,42,Adviser Three,407400.0,5,40,Adviser Three,0.3546716,2.4243937393673507
691,43,Adviser One,417100.0,5,40,Adviser One,0.2824521,2.762527454890984
692,43,Adviser One,417100.0,5,40,Adviser One,0.2824521,2.762527454890984
693,43,Adviser One,417100.0,5,40,Adviser One,0.2824521,2.762527454890984
694,43,Adviser One,417100.0,5,40,Adviser One,0.2824521,2.762527454890984
695,43,Adviser One,417100.0,5,40,Adviser One,0.2824521,2.762527454890984
696,43,Adviser One,417100.0,5,40,Adviser One,0.2824521,2.762527454890984
697,43,Adviser One,417100.0,5,40,Adviser One,0.2824521,2.762527454890984
698,43,Adviser One,417100.0,5,40,Adviser One,0.2824521,2.762527454890984
699,43,Adviser One,417100.0,5,40,Adviser One,0.2824521,2.762527454890984
700,43,Adviser One,417100.0,5,40,Adviser One,0.2824521,2.762527454890984
701,43,Adviser Two,417100.0,5,40,Adviser Two,0.25978407,2.880541443158047
702,43,Adviser Two,417100.0,5,40,Adviser Two,0.25978407,2.880541443158047
703,43,Adviser Two,417100.0,5,40,Adviser Two,0.25978407,2.880541443158047
704,43,Adviser Two,417100.0,5,40,Adviser Two,0.25978407,2.880541443158047
705,43,Adviser Two,417100.0,5,40,Adviser Two,0.25978407,2.880541443158047
706,43,Adviser Two,417100.0,5,40,Adviser Two,0.25978407,2.880541443158047
707,43,Adviser Two,417100.0,5,40,Adviser Two,0.25978407,2.880541443158047
708,43,Adviser Two,417100.0,5,40,Adviser Two,0.25978407,2.880541443158047
710,43,Adviser Two,417100.0,5,40,Adviser Two,0.25978407,2.880541443158047
711,43,Adviser Three,417100.0,5,40,Adviser Three,0.3546716,2.4243937393673507
712,43,Adviser Three,417100.0,5,40,Adviser Three,0.3546716,2.4243937393673507
713,43,Adviser Three,417100.0,5,40,Adviser Three,0.3546716,2.4243937393673507
714,43,Adviser Three,417100.0,5,40,Adviser Three,0.3546716,2.4243937393673507
715,43,Adviser Three,417100.0,5,40,Adviser Three,0.3546716,2.4243937393673507
716,43,Adviser Three,417100.0,5,40,Adviser Three,0.3546716,2.4243937393673507
717,43,Adviser Three,417100.0,5,40,Adviser Three,0.3546716,2.4243937393673507
718,43,Adviser Three,417100.0,5,40,Adviser Three,0.3546716,2.4243937393673507
719,43,Adviser Three,417100.0,5,40,Adviser Three,0.3546716,2.4243937393673507
720,43,Adviser Three,417100.0,5,40,Adviser Three,0.3546716,2.4243937393673507
721,44,Adviser One,426800.0,5,40,Adviser One,0.2824521,2.762527454890984
722,44,Adviser One,426800.0,5,40,Adviser One,0.2824521,2.762527454890984
723,44,Adviser One,426800.0,5,40,Adviser One,0.2824521,2.762527454890984
724,44,Adviser One,426800.0,5,40,Adviser One,0.2824521,2.762527454890984
725,44,Adviser One,426800.0,5,40,Adviser One,0.2824521,2.762527454890984
726,44,Adviser One,426800.0,5,40,Adviser One,0.2824521,2.762527454890984
727,44,Adviser One,426800.0,5,40,Adviser One,0.2824521,2.762527454890984
728,44,Adviser One,426800.0,5,40,Adviser One,0.2824521,2.762527454890984
729,44,Adviser One,426800.0,5,40,Adviser One,0.2824521,2.762527454890984
730,44,Adviser One,426800.0,5,40,Adviser One,0.2824521,2.762527454890984
731,44,Adviser Two,426800.0,5,40,Adviser Two,0.25978407,2.880541443158047
732,44,Adviser Two,426800.0,5,40,Adviser Two,0.25978407,2.880541443158047
733,44,Adviser Two,426800.0,5,40,Adviser Two,0.25978407,2.880541443158047
734,44,Adviser Two,426800.0,5,40,Adviser Two,0.25978407,2.880541443158047
735,44,Adviser Two,426800.0,5,40,Adviser Two,0.25978407,2.880541443158047
736,44,Adviser Two,426800.0,5,40,Adviser Two,0.25978407,2.880541443158047
737,44,Adviser Two,426800.0,5,40,Adviser Two,0.25978407,2.880541443158047
738,44,Adviser Two,426800.0,5,40,Adviser Two,0.25978407,2.880541443158047
740,44,Adviser Two,426800.0,5,40,Adviser Two,0.25978407,2.880541443158047
741,44,Adviser Three,426800.0,5,40,Adviser Three,0.3546716,2.4243937393673507
742,44,Adviser Three,426800.0,5,40,Adviser Three,0.3546716,2.4243937393673507
743,44,Adviser Three,426800.0,5,40,Adviser Three,0.3546716,2.4243937393673507
744,44,Adviser Three,426800.0,5,40,Adviser Three,0.3546716,2.4243937393673507
745,44,Adviser Three,426800.0,5,40,Adviser Three,0.3546716,2.4243937393673507
746,44,Adviser Three,426800.0,5,40,Adviser Three,0.3546716,2.4243937393673507
747,44,Adviser Three,426800.0,5,40,Adviser Three,0.3546716,2.4243937393673507
748,44,Adviser Three,426800.0,5,40,Adviser Three,0.3546716,2.4243937393673507
749,44,Adviser Three,426800.0,5,40,Adviser Three,0.3546716,2.4243937393673507
750,44,Adviser Three,426800.0,5,40,Adviser Three,0.3546716,2.4243937393673507
751,45,Adviser One,436500.0,5,45,Adviser One,0.33017462,2.532911444103896
752,45,Adviser One,436500.0,5,45,Adviser One,0.33017462,2.532911444103896
753,45,Adviser One,436500.0,5,45,Adviser One,0.33017462,2.532911444103896
754,45,Adviser One,436500.0,5,45,Adviser One,0.33017462,2.532911444103896
755,45,Adviser One,436500.0,5,45,Adviser One,0.33017462,2.532911444103896
756,45,Adviser One,436500.0,5,45,Adviser One,0.33017462,2.532911444103896
757,45,Adviser One,436500.0,5,45,Adviser One,0.33017462,2.532911444103896
758,45,Adviser One,436500.0,5,45,Adviser One,0.33017462,2.532911444103896
759,45,Adviser One,436500.0,5,45,Adviser One,0.33017462,2.532911444103896
760,45,Adviser One,436500.0,5,45,Adviser One,0.33017462,2.532911444103896
761,45,Adviser Two,436500.0,5,45,Adviser Two,0.27246585,2.8137821910488414
762,45,Adviser Two,436500.0,5,45,Adviser Two,0.27246585,2.8137821910488414
763,45,Adviser Two,436500.0,5,45,Adviser Two,0.27246585,2.8137821910488414
764,45,Adviser Two,436500.0,5,45,Adviser Two,0.27246585,2.8137821910488414
765,45,Adviser Two,436500.0,5,45,Adviser Two,0.27246585,2.8137821910488414
766,45,Adviser Two,436500.0,5,45,Adviser Two,0.27246585,2.8137821910488414
767,45,Adviser Two,436500.0,5,45,Adviser Two,0.27246585,2.8137821910488414
768,45,Adviser Two,436500.0,5,45,Adviser Two,0.27246585,2.8137821910488414
769,45,Adviser Two,436500.0,5,45,Adviser Two,0.27246585,2.8137821910488414
771,45,Adviser Three,436500.0,5,45,Adviser Three,0.40756658,2.210034867807667
772,45,Adviser Three,436500.0,5,45,Adviser Three,0.40756658,2.210034867807667
773,45,Adviser Three,436500.0,5,45,Adviser Three,0.40756658,2.210034867807667
775,45,Adviser Three,436500.0,5,45,Adviser Three,0.40756658,2.210034867807667
776,45,Adviser Three,436500.0,5,45,Adviser Three,0.40756658,2.210034867807667
777,45,Adviser Three,436500.0,5,45,Adviser Three,0.40756658,2.210034867807667
778,45,Adviser Three,436500.0,5,45,Adviser Three,0.40756658,2.210034867807667
779,45,Adviser Three,436500.0,5,45,Adviser Three,0.40756658,2.210034867807667
780,45,Adviser Three,436500.0,5,45,Adviser Three,0.40756658,2.210034867807667
781,46,Adviser One,446200.0,5,45,Adviser One,0.33017462,2.532911444103896
782,46,Adviser One,446200.0,5,45,Adviser One,0.33017462,2.532911444103896
783,46,Adviser One,446200.0,5,45,Adviser One,0.33017462,2.532911444103896
784,46,Adviser One,446200.0,5,45,Adviser One,0.33017462,2.532911444103896
785,46,Adviser One,446200.0,5,45,Adviser One,0.33017462,2.532911444103896
786,46,Adviser One,446200.0,5,45,Adviser One,0.33017462,2.532911444103896
787,46,Adviser One,446200.0,5,45,Adviser One,0.33017462,2.532911444103896
788,46,Adviser One,446200.0,5,45,Adviser One,0.33017462,2.532911444103896
789,46,Adviser One,446200.0,5,45,Adviser One,0.33017462,2.532911444103896
790,46,Adviser One,446200.0,5,45,Adviser One,0.33017462,2.532911444103896
791,46,Adviser Two,446200.0,5,45,Adviser Two,0.27246585,2.8137821910488414
792,46,Adviser Two,446200.0,5,45,Adviser Two,0.27246585,2.8137821910488414
793,46,Adviser Two,446200.0,5,45,Adviser Two,0.27246585,2.8137821910488414
794,46,Adviser Two,446200.0,5,45,Adviser Two,0.27246585,2.8137821910488414
796,46,Adviser Two,446200.0,5,45,Adviser Two,0.27246585,2.8137821910488414
797,46,Adviser Two,446200.0,5,45,Adviser Two,0.27246585,2.8137821910488414
798,46,Adviser Two,446200.0,5,45,Adviser Two,0.27246585,2.8137821910488414
799,46,Adviser Two,446200.0,5,45,Adviser Two,0.27246585,2.8137821910488414
800,46,Adviser Two,446200.0,5,45,Adviser Two,0.27246585,2.8137821910488414
801,46,Adviser Three,446200.0,5,45,Adviser Three,0.40756658,2.210034867807667
802,46,Adviser Three,446200.0,5,45,Adviser Three,0.40756658,2.210034867807667
803,46,Adviser Three,446200.0,5,45,Adviser Three,0.40756658,2.210034867807667
804,46,Adviser Three,446200.0,5,45,Adviser Three,0.40756658,2.210034867807667
805,46,Adviser Three,446200.0,5,45,Adviser Three,0.40756658,2.210034867807667
806,46,Adviser Three,446200.0,5,45,Adviser Three,0.40756658,2.210034867807667
807,46,Adviser Three,446200.0,5,45,Adviser Three,0.40756658,2.210034867807667
808,46,Adviser Three,446200.0,5,45,Adviser Three,0.40756658,2.210034867807667
809,46,Adviser Three,446200.0,5,45,Adviser Three,0.40756658,2.210034867807667
810,46,Adviser Three,446200.0,5,45,Adviser Three,0.40756658,2.210034867807667
811,47,Adviser One,455900.0,5,45,Adviser One,0.33017462,2.532911444103896
812,47,Adviser One,455900.0,5,45,Adviser One,0.33017462,2.532911444103896
813,47,Adviser One,455900.0,5,45,Adviser One,0.33017462,2.532911444103896
814,47,Adviser One,455900.0,5,45,Adviser One,0.33017462,2.532911444103896
815,47,Adviser One,455900.0,5,45,Adviser One,0.33017462,2.532911444103896
816,47,Adviser One,455900.0,5,45,Adviser One,0.33017462,2.532911444103896
817,47,Adviser One,455900.0,5,45,Adviser One,0.33017462,2.532911444103896
818,47,Adviser One,455900.0,5,45,Adviser One,0.33017462,2.532911444103896
819,47,Adviser One,455900.0,5,45,Adviser One,0.33017462,2.532911444103896
820,47,Adviser One,455900.0,5,45,Adviser One,0.33017462,2.532911444103896
821,47,Adviser Two,455900.0,5,45,Adviser Two,0.27246585,2.8137821910488414
822,47,Adviser Two,455900.0,5,45,Adviser Two,0.27246585,2.8137821910488414
823,47,Adviser Two,455900.0,5,45,Adviser Two,0.27246585,2.8137821910488414
824,47,Adviser Two,455900.0,5,45,Adviser Two,0.27246585,2.8137821910488414
825,47,Adviser Two,455900.0,5,45,Adviser Two,0.27246585,2.8137821910488414
826,47,Adviser Two,455900.0,5,45,Adviser Two,0.27246585,2.8137821910488414
827,47,Adviser Two,455900.0,5,45,Adviser Two,0.27246585,2.8137821910488414
828,47,Adviser Two,455900.0,5,45,Adviser Two,0.27246585,2.8137821910488414
829,47,Adviser Two,455900.0,5,45,Adviser Two,0.27246585,2.8137821910488414
830,47,Adviser Two,455900.0,5,45,Adviser Two,0.27246585,2.8137821910488414
831,47,Adviser Three,455900.0,5,45,Adviser Three,0.40756658,2.210034867807667
832,47,Adviser Three,455900.0,5,45,Adviser Three,0.40756658,2.210034867807667
833,47,Adviser Three,455900.0,5,45,Adviser Three,0.40756658,2.210034867807667
834,47,Adviser Three,455900.0,5,45,Adviser Three,0.40756658,2.210034867807667
835,47,Adviser Three,455900.0,5,45,Adviser Three,0.40756658,2.210034867807667
836,47,Adviser Three,455900.0,5,45,Adviser Three,0.40756658,2.210034867807667
837,47,Adviser Three,455900.0,5,45,Adviser Three,0.40756658,2.210034867807667
838,47,Adviser Three,455900.0,5,45,Adviser Three,0.40756658,2.210034867807667
839,47,Adviser Three,455900.0,5,45,Adviser Three,0.40756658,2.210034867807667
840,47,Adviser Three,455900.0,5,45,Adviser Three,0.40756658,2.210034867807667
841,48,Adviser One,465600.0,5,45,Adviser One,0.33017462,2.532911444103896
842,48,Adviser One,465600.0,5,45,Adviser One,0.33017462,2.532911444103896
843,48,Adviser One,465600.0,5,45,Adviser One,0.33017462,2.532911444103896
844,48,Adviser One,465600.0,5,45,Adviser One,0.33017462,2.532911444103896
846,48,Adviser One,465600.0,5,45,Adviser One,0.33017462,2.532911444103896
847,48,Adviser One,465600.0,5,45,Adviser One,0.33017462,2.532911444103896
848,48,Adviser One,465600.0,5,45,Adviser One,0.33017462,2.532911444103896
849,48,Adviser One,465600.0,5,45,Adviser One,0.33017462,2.532911444103896
850,48,Adviser One,465600.0,5,45,Adviser One,0.33017462,2.532911444103896
851,48,Adviser Two,465600.0,5,45,Adviser Two,0.27246585,2.8137821910488414
852,48,Adviser Two,465600.0,5,45,Adviser Two,0.27246585,2.8137821910488414
853,48,Adviser Two,465600.0,5,45,Adviser Two,0.27246585,2.8137821910488414
854,48,Adviser Two,465600.0,5,45,Adviser Two,0.27246585,2.8137821910488414
855,48,Adviser Two,465600.0,5,45,Adviser Two,0.27246585,2.8137821910488414
856,48,Adviser Two,465600.0,5,45,Adviser Two,0.27246585,2.8137821910488414
857,48,Adviser Two,465600.0,5,45,Adviser Two,0.27246585,2.8137821910488414
858,48,Adviser Two,465600.0,5,45,Adviser Two,0.27246585,2.8137821910488414
859,48,Adviser Two,465600.0,5,45,Adviser Two,0.27246585,2.8137821910488414
861,48,Adviser Three,465600.0,5,45,Adviser Three,0.40756658,2.210034867807667
862,48,Adviser Three,465600.0,5,45,Adviser Three,0.40756658,2.210034867807667
863,48,Adviser Three,465600.0,5,45,Adviser Three,0.40756658,2.210034867807667
865,48,Adviser Three,465600.0,5,45,Adviser Three,0.40756658,2.210034867807667
866,48,Adviser Three,465600.0,5,45,Adviser Three,0.40756658,2.210034867807667
867,48,Adviser Three,465600.0,5,45,Adviser Three,0.40756658,2.210034867807667
868,48,Adviser Three,465600.0,5,45,Adviser Three,0.40756658,2.210034867807667
869,48,Adviser Three,465600.0,5,45,Adviser Three,0.40756658,2.210034867807667
870,48,Adviser Three,465600.0,5,45,Adviser Three,0.40756658,2.210034867807667
871,49,Adviser One,475300.0,5,45,Adviser One,0.33017462,2.532911444103896
872,49,Adviser One,475300.0,5,45,Adviser One,0.33017462,2.532911444103896
873,49,Adviser One,475300.0,5,45,Adviser One,0.33017462,2.532911444103896
874,49,Adviser One,475300.0,5,45,Adviser One,0.33017462,2.532911444103896
875,49,Adviser One,475300.0,5,45,Adviser One,0.33017462,2.532911444103896
876,49,Adviser One,475300.0,5,45,Adviser One,0.33017462,2.532911444103896
877,49,Adviser One,475300.0,5,45,Adviser One,0.33017462,2.532911444103896
878,49,Adviser One,475300.0,5,45,Adviser One,0.33017462,2.532911444103896
879,49,Adviser One,475300.0,5,45,Adviser One,0.33017462,2.532911444103896
880,49,Adviser One,475300.0,5,45,Adviser One,0.33017462,2.532911444103896
881,49,Adviser Two,475300.0,5,45,Adviser Two,0.27246585,2.8137821910488414
882,49,Adviser Two,475300.0,5,45,Adviser Two,0.27246585,2.8137821910488414
883,49,Adviser Two,475300.0,5,45,Adviser Two,0.27246585,2.8137821910488414
884,49,Adviser Two,475300.0,5,45,Adviser Two,0.27246585,2.8137821910488414
885,49,Adviser Two,475300.0,5,45,Adviser Two,0.27246585,2.8137821910488414
886,49,Adviser Two,475300.0,5,45,Adviser Two,0.27246585,2.8137821910488414
887,49,Adviser Two,475300.0,5,45,Adviser Two,0.27246585,2.8137821910488414
888,49,Adviser Two,475300.0,5,45,Adviser Two,0.27246585,2.8137821910488414
889,49,Adviser Two,475300.0,5,45,Adviser Two,0.27246585,2.8137821910488414
890,49,Adviser Two,475300.0,5,45,Adviser Two,0.27246585,2.8137821910488414
891,49,Adviser Three,475300.0,5,45,Adviser Three,0.40756658,2.210034867807667
892,49,Adviser Three,475300.0,5,45,Adviser Three,0.40756658,2.210034867807667
893,49,Adviser Three,475300.0,5,45,Adviser Three,0.40756658,2.210034867807667
894,49,Adviser Three,475300.0,5,45,Adviser Three,0.40756658,2.210034867807667
895,49,Adviser Three,475300.0,5,45,Adviser Three,0.40756658,2.210034867807667
896,49,Adviser Three,475300.0,5,45,Adviser Three,0.40756658,2.210034867807667
897,49,Adviser Three,475300.0,5,45,Adviser Three,0.40756658,2.210034867807667
898,49,Adviser Three,475300.0,5,45,Adviser Three,0.40756658,2.210034867807667
899,49,Adviser Three,475300.0,5,45,Adviser Three,0.40756658,2.210034867807667
900,49,Adviser Three,475300.0,5,45,Adviser Three,0.40756658,2.210034867807667
901,50,Adviser One,485000.0,5,50,Adviser One,0.38720542,2.289439737890347
902,50,Adviser One,485000.0,5,50,Adviser One,0.38720542,2.289439737890347
904,50,Adviser One,485000.0,5,50,Adviser One,0.38720542,2.289439737890347
905,50,Adviser One,485000.0,5,50,Adviser One,0.38720542,2.289439737890347
906,50,Adviser One,485000.0,5,50,Adviser One,0.38720542,2.289439737890347
907,50,Adviser One,485000.0,5,50,Adviser One,0.38720542,2.289439737890347
908,50,Adviser One,485000.0,5,50,Adviser One,0.38720542,2.289439737890347
909,50,Adviser One,485000.0,5,50,Adviser One,0.38720542,2.289439737890347
910,50,Adviser One,485000.0,5,50,Adviser One,0.38720542,2.289439737890347
911,50,Adviser Two,485000.0,5,50,Adviser Two,0.27851897,2.782577668152124
913,50,Adviser Two,485000.0,5,50,Adviser Two,0.27851897,2.782577668152124
914,50,Adviser Two,485000.0,5,50,Adviser Two,0.27851897,2.782577668152124
915,50,Adviser Two,485000.0,5,50,Adviser Two,0.27851897,2.782577668152124
916,50,Adviser Two,485000.0,5,50,Adviser Two,0.27851897,2.782577668152124
917,50,Adviser Two,485000.0,5,50,Adviser Two,0.27851897,2.782577668152124
918,50,Adviser Two,485000.0,5,50,Adviser Two,0.27851897,2.782577668152124
919,50,Adviser Two,485000.0,5,50,Adviser Two,0.27851897,2.782577668152124
920,50,Adviser Two,485000.0,5,50,Adviser Two,0.27851897,2.782577668152124
921,50,Adviser Three,485000.0,5,50,Adviser Three,0.4626941,2.013206909411544
922,50,Adviser Three,485000.0,5,50,Adviser Three,0.4626941,2.013206909411544
923,50,Adviser Three,485000.0,5,50,Adviser Three,0.4626941,2.013206909411544
924,50,Adviser Three,485000.0,5,50,Adviser Three,0.4626941,2.013206909411544
925,50,Adviser Three,485000.0,5,50,Adviser Three,0.4626941,2.013206909411544
926,50,Adviser Three,485000.0,5,50,Adviser Three,0.4626941,2.013206909411544
927,50,Adviser Three,485000.0,5,50,Adviser Three,0.4626941,2.013206909411544
928,50,Adviser Three,485000.0,5,50,Adviser Three,0.4626941,2.013206909411544
929,50,Adviser Three,485000.0,5,50,Adviser Three,0.4626941,2.013206909411544
930,50,Adviser Three,485000.0,5,50,Adviser Three,0.4626941,2.013206909411544
931,51,Adviser One,494700.0,5,50,Adviser One,0.38720542,2.289439737890347
932,51,Adviser One,494700.0,5,50,Adviser One,0.38720542,2.289439737890347
933,51,Adviser One,494700.0,5,50,Adviser One,0.38720542,2.289439737890347
934,51,Adviser One,494700.0,5,50,Adviser One,0.38720542,2.289439737890347
935,51,Adviser One,494700.0,5,50,Adviser One,0.38720542,2.289439737890347
936,51,Adviser One,494700.0,5,50,Adviser One,0.38720542,2.289439737890347
937,51,Adviser One,494700.0,5,50,Adviser One,0.38720542,2.289439737890347
938,51,Adviser One,494700.0,5,50,Adviser One,0.38720542,2.289439737890347
939,51,Adviser One,494700.0,5,50,Adviser One,0.38720542,2.289439737890347
940,51,Adviser One,494700.0,5,50,Adviser One,0.38720542,2.289439737890347
941,51,Adviser Two,494700.0,5,50,Adviser Two,0.27851897,2.782577668152124
942,51,Adviser Two,494700.0,5,50,Adviser Two,0.27851897,2.782577668152124
943,51,Adviser Two,494700.0,5,50,Adviser Two,0.27851897,2.782577668152124
944,51,Adviser Two,494700.0,5,50,Adviser Two,0.27851897,2.782577668152124
945,51,Adviser Two,494700.0,5,50,Adviser Two,0.27851897,2.782577668152124
946,51,Adviser Two,494700.0,5,50,Adviser Two,0.27851897,2.782577668152124
948,51,Adviser Two,494700.0,5,50,Adviser Two,0.27851897,2.782577668152124
949,51,Adviser Two,494700.0,5,50,Adviser Two,0.27851897,2.782577668152124
950,51,Adviser Two,494700.0,5,50,Adviser Two,0.27851897,2.782577668152124
951,51,Adviser Three,494700.0,5,50,Adviser Three,0.4626941,2.013206909411544
954,51,Adviser Three,494700.0,5,50,Adviser Three,0.4626941,2.013206909411544
955,51,Adviser Three,494700.0,5,50,Adviser Three,0.4626941,2.013206909411544
956,51,Adviser Three,494700.0,5,50,Adviser Three,0.4626941,2.013206909411544
957,51,Adviser Three,494700.0,5,50,Adviser Three,0.4626941,2.013206909411544
958,51,Adviser Three,494700.0,5,50,Adviser Three,0.4626941,2.013206909411544
959,51,Adviser Three,494700.0,5,50,Adviser Three,0.4626941,2.013206909411544
960,51,Adviser Three,494700.0,5,50,Adviser Three,0.4626941,2.013206909411544
961,52,Adviser One,504400.0,5,50,Adviser One,0.38720542,2.289439737890347
962,52,Adviser One,504400.0,5,50,Adviser One,0.38720542,2.289439737890347
963,52,Adviser One,504400.0,5,50,Adviser One,0.38720542,2.289439737890347
964,52,Adviser One,504400.0,5,50,Adviser One,0.38720542,2.289439737890347
965,52,Adviser One,504400.0,5,50,Adviser One,0.38720542,2.289439737890347
966,52,Adviser One,504400.0,5,50,Adviser One,0.38720542,2.289439737890347
967,52,Adviser One,504400.0,5,50,Adviser One,0.38720542,2.289439737890347
968,52,Adviser One,504400.0,5,50,Adviser One,0.38720542,2.289439737890347
969,52,Adviser One,504400.0,5,50,Adviser One,0.38720542,2.289439737890347
970,52,Adviser One,504400.0,5,50,Adviser One,0.38720542,2.289439737890347
971,52,Adviser Two,504400.0,5,50,Adviser Two,0.27851897,2.782577668152124
972,52,Adviser Two,504400.0,5,50,Adviser Two,0.27851897,2.782577668152124
973,52,Adviser Two,504400.0,5,50,Adviser Two,0.27851897,2.782577668152124
974,52,Adviser Two,504400.0,5,50,Adviser Two,0.27851897,2.782577668152124
975,52,Adviser Two,504400.0,5,50,Adviser Two,0.27851897,2.782577668152124
976,52,Adviser Two,504400.0,5,50,Adviser Two,0.27851897,2.782577668152124
977,52,Adviser Two,504400.0,5,50,Adviser Two,0.27851897,2.782577668152124
978,52,Adviser Two,504400.0,5,50,Adviser Two,0.27851897,2.782577668152124
979,52,Adviser Two,504400.0,5,50,Adviser Two,0.27851897,2.782577668152124
980,52,Adviser Two,504400.0,5,50,Adviser Two,0.27851897,2.782577668152124
981,52,Adviser Three,504400.0,5,50,Adviser Three,0.4626941,2.013206909411544
982,52,Adviser Three,504400.0,5,50,Adviser Three,0.4626941,2.013206909411544
984,52,Adviser Three,504400.0,5,50,Adviser Three,0.4626941,2.013206909411544
985,52,Adviser Three,504400.0,5,50,Adviser Three,0.4626941,2.013206909411544
986,52,Adviser Three,504400.0,5,50,Adviser Three,0.4626941,2.013206909411544
987,52,Adviser Three,504400.0,5,50,Adviser Three,0.4626941,2.013206909411544
988,52,Adviser Three,504400.0,5,50,Adviser Three,0.4626941,2.013206909411544
989,52,Adviser Three,504400.0,5,50,Adviser Three,0.4626941,2.013206909411544
990,52,Adviser Three,504400.0,5,50,Adviser Three,0.4626941,2.013206909411544
991,53,Adviser One,514100.0,5,50,Adviser One,0.38720542,2.289439737890347
992,53,Adviser One,514100.0,5,50,Adviser One,0.38720542,2.289439737890347
995,53,Adviser One,514100.0,5,50,Adviser One,0.38720542,2.289439737890347
996,53,Adviser One,514100.0,5,50,Adviser One,0.38720542,2.289439737890347
997,53,Adviser One,514100.0,5,50,Adviser One,0.38720542,2.289439737890347
998,53,Adviser One,514100.0,5,50,Adviser One,0.38720542,2.289439737890347
999,53,Adviser One,514100.0,5,50,Adviser One,0.38720542,2.289439737890347
1000,53,Adviser One,514100.0,5,50,Adviser One,0.38720542,2.289439737890347
1001,53,Adviser Two,514100.0,5,50,Adviser Two,0.27851897,2.782577668152124
1002,53,Adviser Two,514100.0,5,50,Adviser Two,0.27851897,2.782577668152124
1003,53,Adviser Two,514100.0,5,50,Adviser Two,0.27851897,2.782577668152124
1004,53,Adviser Two,514100.0,5,50,Adviser Two,0.27851897,2.782577668152124
1005,53,Adviser Two,514100.0,5,50,Adviser Two,0.27851897,2.782577668152124
1007,53,Adviser Two,514100.0,5,50,Adviser Two,0.27851897,2.782577668152124
1008,53,Adviser Two,514100.0,5,50,Adviser Two,0.27851897,2.782577668152124
1009,53,Adviser Two,514100.0,5,50,Adviser Two,0.27851897,2.782577668152124
1010,53,Adviser Two,514100.0,5,50,Adviser Two,0.27851897,2.782577668152124
1011,53,Adviser Three,514100.0,5,50,Adviser Three,0.4626941,2.013206909411544
1012,53,Adviser Three,514100.0,5,50,Adviser Three,0.4626941,2.013206909411544
1013,53,Adviser Three,514100.0,5,50,Adviser Three,0.4626941,2.013206909411544
1014,53,Adviser Three,514100.0,5,50,Adviser Three,0.4626941,2.013206909411544
1015,53,Adviser Three,514100.0,5,50,Adviser Three,0.4626941,2.013206909411544
1017,53,Adviser Three,514100.0,5,50,Adviser Three,0.4626941,2.013206909411544
1018,53,Adviser Three,514100.0,5,50,Adviser Three,0.4626941,2.013206909411544
1019,53,Adviser Three,514100.0,5,50,Adviser Three,0.4626941,2.013206909411544
1020,53,Adviser Three,514100.0,5,50,Adviser Three,0.4626941,2.013206909411544
1021,54,Adviser One,523800.0,5,50,Adviser One,0.38720542,2.289439737890347
1022,54,Adviser One,523800.0,5,50,Adviser One,0.38720542,2.289439737890347
1023,54,Adviser One,523800.0,5,50,Adviser One,0.38720542,2.289439737890347
1024,54,Adviser One,523800.0,5,50,Adviser One,0.38720542,2.289439737890347
1025,54,Adviser One,523800.0,5,50,Adviser One,0.38720542,2.289439737890347
1026,54,Adviser One,523800.0,5,50,Adviser One,0.38720542,2.289439737890347
1027,54,Adviser One,523800.0,5,50,Adviser One,0.38720542,2.289439737890347
1028,54,Adviser One,523800.0,5,50,Adviser One,0.38720542,2.289439737890347
1029,54,Adviser One,523800.0,5,50,Adviser One,0.38720542,2.289439737890347
1030,54,Adviser One,523800.0,5,50,Adviser One,0.38720542,2.289439737890347
1031,54,Adviser Two,523800.0,5,50,Adviser Two,0.27851897,2.782577668152124
1032,54,Adviser Two,523800.0,5,50,Adviser Two,0.27851897,2.782577668152124
1033,54,Adviser Two,523800.0,5,50,Adviser Two,0.27851897,2.782577668152124
1034,54,Adviser Two,523800.0,5,50,Adviser Two,0.27851897,2.782577668152124
1035,54,Adviser Two,523800.0,5,50,Adviser Two,0.27851897,2.782577668152124
1036,54,Adviser Two,523800.0,5,50,Adviser Two,0.27851897,2.782577668152124
1037,54,Adviser Two,523800.0,5,50,Adviser Two,0.27851897,2.782577668152124
1038,54,Adviser Two,523800.0,5,50,Adviser Two,0.27851897,2.782577668152124
1039,54,Adviser Two,523800.0,5,50,Adviser Two,0.27851897,2.782577668152124
1040,54,Adviser Two,523800.0,5,50,Adviser Two,0.27851897,2.782577668152124
1041,54,Adviser Three,523800.0,5,50,Adviser Three,0.4626941,2.013206909411544
1042,54,Adviser Three,523800.0,5,50,Adviser Three,0.4626941,2.013206909411544
1043,54,Adviser Three,523800.0,5,50,Adviser Three,0.4626941,2.013206909411544
1044,54,Adviser Three,523800.0,5,50,Adviser Three,0.4626941,2.013206909411544
1045,54,Adviser Three,523800.0,5,50,Adviser Three,0.4626941,2.013206909411544
1046,54,Adviser Three,523800.0,5,50,Adviser Three,0.4626941,2.013206909411544
1047,54,Adviser Three,523800.0,5,50,Adviser Three,0.4626941,2.013206909411544
1048,54,Adviser Three,523800.0,5,50,Adviser Three,0.4626941,2.013206909411544
1049,54,Adviser Three,523800.0,5,50,Adviser Three,0.4626941,2.013206909411544
1051,55,Adviser One,533500.0,5,55,Adviser One,0.43280286,2.1167420261731174
1052,55,Adviser One,533500.0,5,55,Adviser One,0.43280286,2.1167420261731174
1053,55,Adviser One,533500.0,5,55,Adviser One,0.43280286,2.1167420261731174
1054,55,Adviser One,533500.0,5,55,Adviser One,0.43280286,2.1167420261731174
1055,55,Adviser One,533500.0,5,55,Adviser One,0.43280286,2.1167420261731174
1056,55,Adviser One,533500.0,5,55,Adviser One,0.43280286,2.1167420261731174
1057,55,Adviser One,533500.0,5,55,Adviser One,0.43280286,2.1167420261731174
1058,55,Adviser One,533500.0,5,55,Adviser One,0.43280286,2.1167420261731174
1059,55,Adviser One,533500.0,5,55,Adviser One,0.43280286,2.1167420261731174
1060,55,Adviser One,533500.0,5,55,Adviser One,0.43280286,2.1167420261731174
1061,55,Adviser Two,533500.0,5,55,Adviser Two,0.27863318,2.781992994890196
1062,55,Adviser Two,533500.0,5,55,Adviser Two,0.27863318,2.781992994890196
1063,55,Adviser Two,533500.0,5,55,Adviser Two,0.27863318,2.781992994890196
1064,55,Adviser Two,533500.0,5,55,Adviser Two,0.27863318,2.781992994890196
1065,55,Adviser Two,533500.0,5,55,Adviser Two,0.27863318,2.781992994890196
1066,55,Adviser Two,533500.0,5,55,Adviser Two,0.27863318,2.781992994890196
1067,55,Adviser Two,533500.0,5,55,Adviser Two,0.27863318,2.781992994890196
1068,55,Adviser Two,533500.0,5,55,Adviser Two,0.27863318,2.781992994890196
1069,55,Adviser Two,533500.0,5,55,Adviser Two,0.27863318,2.781992994890196
1070,55,Adviser Two,533500.0,5,55,Adviser Two,0.27863318,2.781992994890196
1071,55,Adviser Three,533500.0,5,55,Adviser Three,0.51800376,1.840056722072381
1072,55,Adviser Three,533500.0,5,55,Adviser Three,0.51800376,1.840056722072381
1073,55,Adviser Three,533500.0,5,55,Adviser Three,0.51800376,1.840056722072381
1074,55,Adviser Three,533500.0,5,55,Adviser Three,0.51800376,1.840056722072381
1075,55,Adviser Three,533500.0,5,55,Adviser Three,0.51800376,1.840056722072381
1076,55,Adviser Three,533500.0,5,55,Adviser Three,0.51800376,1.840056722072381
1077,55,Adviser Three,533500.0,5,55,Adviser Three,0.51800376,1.840056722072381
1078,55,Adviser Three,533500.0,5,55,Adviser Three,0.51800376,1.840056722072381
1079,55,Adviser Three,533500.0,5,55,Adviser Three,0.51800376,1.840056722072381
1080,55,Adviser Three,533500.0,5,55,Adviser Three,0.51800376,1.840056722072381
1081,56,Adviser One,543200.0,5,55,Adviser One,0.43280286,2.1167420261731174
1082,56,Adviser One,543200.0,5,55,Adviser One,0.43280286,2.1167420261731174
1083,56,Adviser One,543200.0,5,55,Adviser One,0.43280286,2.1167420261731174
1084,56,Adviser One,543200.0,5,55,Adviser One,0.43280286,2.1167420261731174
1085,56,Adviser One,543200.0,5,55,Adviser One,0.43280286,2.1167420261731174
1086,56,Adviser One,543200.0,5,55,Adviser One,0.43280286,2.1167420261731174
1087,56,Adviser One,543200.0,5,55,Adviser One,0.43280286,2.1167420261731174
1088,56,Adviser One,543200.0,5,55,Adviser One,0.43280286,2.1167420261731174
1089,56,Adviser One,543200.0,5,55,Adviser One,0.43280286,2.1167420261731174
1090,56,Adviser One,543200.0,5,55,Adviser One,0.43280286,2.1167420261731174
1091,56,Adviser Two,543200.0,5,55,Adviser Two,0.27863318,2.781992994890196
1092,56,Adviser Two,543200.0,5,55,Adviser Two,0.27863318,2.781992994890196
1093,56,Adviser Two,543200.0,5,55,Adviser Two,0.27863318,2.781992994890196
1094,56,Adviser Two,543200.0,5,55,Adviser Two,0.27863318,2.781992994890196
1095,56,Adviser Two,543200.0,5,55,Adviser Two,0.27863318,2.781992994890196
1096,56,Adviser Two,543200.0,5,55,Adviser Two,0.27863318,2.781992994890196
1097,56,Adviser Two,543200.0,5,55,Adviser Two,0.27863318,2.781992994890196
1098,56,Adviser Two,543200.0,5,55,Adviser Two,0.27863318,2.781992994890196
1099,56,Adviser Two,543200.0,5,55,Adviser Two,0.27863318,2.781992994890196
1100,56,Adviser Two,543200.0,5,55,Adviser Two,0.27863318,2.781992994890196
1101,56,Adviser Three,543200.0,5,55,Adviser Three,0.51800376,1.840056722072381
1102,56,Adviser Three,543200.0,5,55,Adviser Three,0.51800376,1.840056722072381
1103,56,Adviser Three,543200.0,5,55,Adviser Three,0.51800376,1.840056722072381
1104,56,Adviser Three,543200.0,5,55,Adviser Three,0.51800376,1.840056722072381
1105,56,Adviser Three,543200.0,5,55,Adviser Three,0.51800376,1.840056722072381
1107,56,Adviser Three,543200.0,5,55,Adviser Three,0.51800376,1.840056722072381
1108,56,Adviser Three,543200.0,5,55,Adviser Three,0.51800376,1.840056722072381
1109,56,Adviser Three,543200.0,5,55,Adviser Three,0.51800376,1.840056722072381
1110,56,Adviser Three,543200.0,5,55,Adviser Three,0.51800376,1.840056722072381
1111,57,Adviser One,552900.0,5,55,Adviser One,0.43280286,2.1167420261731174
1112,57,Adviser One,552900.0,5,55,Adviser One,0.43280286,2.1167420261731174
1113,57,Adviser One,552900.0,5,55,Adviser One,0.43280286,2.1167420261731174
1114,57,Adviser One,552900.0,5,55,Adviser One,0.43280286,2.1167420261731174
1115,57,Adviser One,552900.0,5,55,Adviser One,0.43280286,2.1167420261731174
1116,57,Adviser One,552900.0,5,55,Adviser One,0.43280286,2.1167420261731174
1117,57,Adviser One,552900.0,5,55,Adviser One,0.43280286,2.1167420261731174
1118,57,Adviser One,552900.0,5,55,Adviser One,0.43280286,2.1167420261731174
1119,57,Adviser One,552900.0,5,55,Adviser One,0.43280286,2.1167420261731174
1120,57,Adviser One,552900.0,5,55,Adviser One,0.43280286,2.1167420261731174
1121,57,Adviser Two,552900.0,5,55,Adviser Two,0.27863318,2.781992994890196
1122,57,Adviser Two,552900.0,5,55,Adviser Two,0.27863318,2.781992994890196
1123,57,Adviser Two,552900.0,5,55,Adviser Two,0.27863318,2.781992994890196
1124,57,Adviser Two,552900.0,5,55,Adviser Two,0.27863318,2.781992994890196
1125,57,Adviser Two,552900.0,5,55,Adviser Two,0.27863318,2.781992994890196
1126,57,Adviser Two,552900.0,5,55,Adviser Two,0.27863318,2.781992994890196
1127,57,Adviser Two,552900.0,5,55,Adviser Two,0.27863318,2.781992994890196
1128,57,Adviser Two,552900.0,5,55,Adviser Two,0.27863318,2.781992994890196
1129,57,Adviser Two,552900.0,5,55,Adviser Two,0.27863318,2.781992994890196
1130,57,Adviser Two,552900.0,5,55,Adviser Two,0.27863318,2.781992994890196
1131,57,Adviser Three,552900.0,5,55,Adviser Three,0.51800376,1.840056722072381
1132,57,Adviser Three,552900.0,5,55,Adviser Three,0.51800376,1.840056722072381
1133,57,Adviser Three,552900.0,5,55,Adviser Three,0.51800376,1.840056722072381
1134,57,Adviser Three,552900.0,5,55,Adviser Three,0.51800376,1.840056722072381
1135,57,Adviser Three,552900.0,5,55,Adviser Three,0.51800376,1.840056722072381
1136,57,Adviser Three,552900.0,5,55,Adviser Three,0.51800376,1.840056722072381
1137,57,Adviser Three,552900.0,5,55,Adviser Three,0.51800376,1.840056722072381
1138,57,Adviser Three,552900.0,5,55,Adviser Three,0.51800376,1.840056722072381
1139,57,Adviser Three,552900.0,5,55,Adviser Three,0.51800376,1.840056722072381
1142,58,Adviser One,562600.0,5,55,Adviser One,0.43280286,2.1167420261731174
1143,58,Adviser One,562600.0,5,55,Adviser One,0.43280286,2.1167420261731174
1144,58,Adviser One,562600.0,5,55,Adviser One,0.43280286,2.1167420261731174
1145,58,Adviser One,562600.0,5,55,Adviser One,0.43280286,2.1167420261731174
1146,58,Adviser One,562600.0,5,55,Adviser One,0.43280286,2.1167420261731174
1147,58,Adviser One,562600.0,5,55,Adviser One,0.43280286,2.1167420261731174
1148,58,Adviser One,562600.0,5,55,Adviser One,0.43280286,2.1167420261731174
1149,58,Adviser One,562600.0,5,55,Adviser One,0.43280286,2.1167420261731174
1150,58,Adviser One,562600.0,5,55,Adviser One,0.43280286,2.1167420261731174
1151,58,Adviser Two,562600.0,5,55,Adviser Two,0.27863318,2.781992994890196
1152,58,Adviser Two,562600.0,5,55,Adviser Two,0.27863318,2.781992994890196
1153,58,Adviser Two,562600.0,5,55,Adviser Two,0.27863318,2.781992994890196
1154,58,Adviser Two,562600.0,5,55,Adviser Two,0.27863318,2.781992994890196
1155,58,Adviser Two,562600.0,5,55,Adviser Two,0.27863318,2.781992994890196
1156,58,Adviser Two,562600.0,5,55,Adviser Two,0.27863318,2.781992994890196
1157,58,Adviser Two,562600.0,5,55,Adviser Two,0.27863318,2.781992994890196
1158,58,Adviser Two,562600.0,5,55,Adviser Two,0.27863318,2.781992994890196
1159,58,Adviser Two,562600.0,5,55,Adviser Two,0.27863318,2.781992994890196
1160,58,Adviser Two,562600.0,5,55,Adviser Two,0.27863318,2.781992994890196
1161,58,Adviser Three,562600.0,5,55,Adviser Three,0.51800376,1.840056722072381
1162,58,Adviser Three,562600.0,5,55,Adviser Three,0.51800376,1.840056722072381
1165,58,Adviser Three,562600.0,5,55,Adviser Three,0.51800376,1.840056722072381
1166,58,Adviser Three,562600.0,5,55,Adviser Three,0.51800376,1.840056722072381
1167,58,Adviser Three,562600.0,5,55,Adviser Three,0.51800376,1.840056722072381
1168,58,Adviser Three,562600.0,5,55,Adviser Three,0.51800376,1.840056722072381
1169,58,Adviser Three,562600.0,5,55,Adviser Three,0.51800376,1.840056722072381
1171,59,Adviser One,572300.0,5,55,Adviser One,0.43280286,2.1167420261731174
1172,59,Adviser One,572300.0,5,55,Adviser One,0.43280286,2.1167420261731174
1173,59,Adviser One,572300.0,5,55,Adviser One,0.43280286,2.1167420261731174
1174,59,Adviser One,572300.0,5,55,Adviser One,0.43280286,2.1167420261731174
1175,59,Adviser One,572300.0,5,55,Adviser One,0.43280286,2.1167420261731174
1176,59,Adviser One,572300.0,5,55,Adviser One,0.43280286,2.1167420261731174
1177,59,Adviser One,572300.0,5,55,Adviser One,0.43280286,2.1167420261731174
1178,59,Adviser One,572300.0,5,55,Adviser One,0.43280286,2.1167420261731174
1179,59,Adviser One,572300.0,5,55,Adviser One,0.43280286,2.1167420261731174
1180,59,Adviser One,572300.0,5,55,Adviser One,0.43280286,2.1167420261731174
1181,59,Adviser Two,572300.0,5,55,Adviser Two,0.27863318,2.781992994890196
1182,59,Adviser Two,572300.0,5,55,Adviser Two,0.27863318,2.781992994890196
1183,59,Adviser Two,572300.0,5,55,Adviser Two,0.27863318,2.781992994890196
1184,59,Adviser Two,572300.0,5,55,Adviser Two,0.27863318,2.781992994890196
1185,59,Adviser Two,572300.0,5,55,Adviser Two,0.27863318,2.781992994890196
1186,59,Adviser Two,572300.0,5,55,Adviser Two,0.27863318,2.781992994890196
1187,59,Adviser Two,572300.0,5,55,Adviser Two,0.27863318,2.781992994890196
1188,59,Adviser Two,572300.0,5,55,Adviser Two,0.27863318,2.781992994890196
1189,59,Adviser Two,572300.0,5,55,Adviser Two,0.27863318,2.781992994890196
1190,59,Adviser Two,572300.0,5,55,Adviser Two,0.27863318,2.781992994890196
1191,59,Adviser Three,572300.0,5,55,Adviser Three,0.51800376,1.840056722072381
1192,59,Adviser Three,572300.0,5,55,Adviser Three,0.51800376,1.840056722072381
1193,59,Adviser Three,572300.0,5,55,Adviser Three,0.51800376,1.840056722072381
1194,59,Adviser Three,572300.0,5,55,Adviser Three,0.51800376,1.840056722072381
1195,59,Adviser Three,572300.0,5,55,Adviser Three,0.51800376,1.840056722072381
1196,59,Adviser Three,572300.0,5,55,Adviser Three,0.51800376,1.840056722072381
1197,59,Adviser Three,572300.0,5,55,Adviser Three,0.51800376,1.840056722072381
1198,59,Adviser Three,572300.0,5,55,Adviser Three,0.51800376,1.840056722072381
1199,59,Adviser Three,572300.0,5,55,Adviser Three,0.51800376,1.840056722072381
1200,59,Adviser Three,572300.0,5,55,Adviser Three,0.51800376,1.840056722072381
1321,59,Adviser Three,97000.0,0,55,Adviser Three,0.51800376,1.840056722072381
